week,total_items_sold,total_price,items_sold_agro_industry_and_commerce,items_sold_air_conditioning,items_sold_art,items_sold_arts_and_craftmanship,items_sold_audio,items_sold_auto,items_sold_baby,items_sold_bed_bath_table,items_sold_books_general_interest,items_sold_books_imported,items_sold_books_technical,items_sold_cds_dvds_musicals,items_sold_christmas_supplies,items_sold_cine_photo,items_sold_computers,items_sold_computers_accessories,items_sold_consoles_games,items_sold_construction_tools_construction,items_sold_construction_tools_lights,items_sold_construction_tools_safety,items_sold_cool_stuff,items_sold_costruction_tools_garden,items_sold_costruction_tools_tools,items_sold_diapers_and_hygiene,items_sold_drinks,items_sold_dvds_blu_ray,items_sold_electronics,items_sold_fashio_female_clothing,items_sold_fashion_bags_accessories,items_sold_fashion_childrens_clothes,items_sold_fashion_male_clothing,items_sold_fashion_shoes,items_sold_fashion_sport,items_sold_fashion_underwear_beach,items_sold_fixed_telephony,items_sold_flowers,items_sold_food,items_sold_food_drink,items_sold_furniture_bedroom,items_sold_furniture_decor,items_sold_furniture_living_room,items_sold_furniture_mattress_and_upholstery,items_sold_garden_tools,items_sold_health_beauty,items_sold_home_appliances,items_sold_home_appliances_2,items_sold_home_comfort_2,items_sold_home_confort,items_sold_home_construction,items_sold_housewares,items_sold_industry_commerce_and_business,items_sold_kitchen_dining_laundry_garden_furniture,items_sold_la_cuisine,items_sold_luggage_accessories,items_sold_market_place,items_sold_music,items_sold_musical_instruments,items_sold_office_furniture,items_sold_party_supplies,items_sold_perfumery,items_sold_pet_shop,items_sold_security_and_services,items_sold_signaling_and_security,items_sold_small_appliances,items_sold_small_appliances_home_oven_and_coffee,items_sold_sports_leisure,items_sold_stationery,items_sold_tablets_printing_image,items_sold_telephony,items_sold_toys,items_sold_watches_gifts,price_agro_industry_and_commerce,price_air_conditioning,price_art,price_arts_and_craftmanship,price_audio,price_auto,price_baby,price_bed_bath_table,price_books_general_interest,price_books_imported,price_books_technical,price_cds_dvds_musicals,price_christmas_supplies,price_cine_photo,price_computers,price_computers_accessories,price_consoles_games,price_construction_tools_construction,price_construction_tools_lights,price_construction_tools_safety,price_cool_stuff,price_costruction_tools_garden,price_costruction_tools_tools,price_diapers_and_hygiene,price_drinks,price_dvds_blu_ray,price_electronics,price_fashio_female_clothing,price_fashion_bags_accessories,price_fashion_childrens_clothes,price_fashion_male_clothing,price_fashion_shoes,price_fashion_sport,price_fashion_underwear_beach,price_fixed_telephony,price_flowers,price_food,price_food_drink,price_furniture_bedroom,price_furniture_decor,price_furniture_living_room,price_furniture_mattress_and_upholstery,price_garden_tools,price_health_beauty,price_home_appliances,price_home_appliances_2,price_home_comfort_2,price_home_confort,price_home_construction,price_housewares,price_industry_commerce_and_business,price_kitchen_dining_laundry_garden_furniture,price_la_cuisine,price_luggage_accessories,price_market_place,price_music,price_musical_instruments,price_office_furniture,price_party_supplies,price_perfumery,price_pet_shop,price_security_and_services,price_signaling_and_security,price_small_appliances,price_small_appliances_home_oven_and_coffee,price_sports_leisure,price_stationery,price_tablets_printing_image,price_telephony,price_toys,price_watches_gifts,most_items_category,most_price_category
2016-10-03,322,45715.090000000004,0.0,10.0,0.0,0.0,1.0,11.0,13.0,8.0,1.0,0.0,1.0,0.0,0.0,0.0,0.0,19.0,7.0,0.0,0.0,0.0,8.0,0.0,0.0,1.0,0.0,0.0,2.0,1.0,7.0,0.0,1.0,1.0,0.0,0.0,4.0,0.0,0.0,0.0,0.0,58.0,0.0,0.0,5.0,42.0,0.0,0.0,0.0,0.0,0.0,11.0,4.0,0.0,0.0,0.0,10.0,0.0,0.0,5.0,0.0,32.0,3.0,0.0,0.0,0.0,0.0,16.0,0.0,0.0,8.0,25.0,5.0,0.0,1707.0900000000001,0.0,0.0,132.0,1671.26,1530.16,478.99,119.5,0.0,267.0,0.0,0.0,0.0,0.0,1216.32,3717.2599999999998,0.0,0.0,0.0,1111.0,0.0,0.0,134.9,0.0,0.0,1306.99,54.9,428.5,0.0,24.9,29.99,0.0,0.0,698.88,0.0,0.0,0.0,0.0,4599.63,0.0,0.0,1359.88,4090.11,0.0,0.0,0.0,0.0,0.0,1254.0800000000002,359.6,0.0,0.0,0.0,831.2,0.0,0.0,1123.9099999999999,0.0,5671.8,589.78,0.0,0.0,0.0,0.0,3193.76,0.0,0.0,450.28,4135.29,3360.24,furniture_decor,perfumery
2016-10-10,40,3692.57,0.0,0.0,0.0,0.0,1.0,1.0,0.0,0.0,0.0,0.0,0.0,0.0,0.0,0.0,0.0,2.0,3.0,0.0,0.0,0.0,0.0,0.0,0.0,0.0,0.0,0.0,0.0,0.0,2.0,0.0,0.0,0.0,0.0,0.0,1.0,0.0,1.0,0.0,0.0,9.0,0.0,0.0,0.0,6.0,0.0,0.0,0.0,0.0,0.0,1.0,0.0,0.0,0.0,0.0,3.0,0.0,0.0,1.0,0.0,1.0,1.0,0.0,0.0,0.0,0.0,3.0,0.0,0.0,2.0,2.0,0.0,0.0,0.0,0.0,0.0,24.99,161.99,0.0,0.0,0.0,0.0,0.0,0.0,0.0,0.0,0.0,183.0,165.0,0.0,0.0,0.0,0.0,0.0,0.0,0.0,0.0,0.0,0.0,0.0,79.8,0.0,0.0,0.0,0.0,0.0,6.0,0.0,79.9,0.0,0.0,1208.26,0.0,0.0,0.0,462.40000000000003,0.0,0.0,0.0,0.0,0.0,32.99,0.0,0.0,0.0,0.0,474.99,0.0,0.0,176.97,0.0,16.9,99.9,0.0,0.0,0.0,0.0,139.88,0.0,0.0,49.8,329.79999999999995,0.0,furniture_decor,furniture_decor
2017-01-02,47,3374.76,0.0,0.0,0.0,0.0,0.0,2.0,2.0,1.0,0.0,0.0,0.0,0.0,0.0,0.0,0.0,0.0,1.0,0.0,0.0,0.0,2.0,0.0,0.0,0.0,0.0,0.0,0.0,0.0,10.0,0.0,0.0,0.0,0.0,0.0,2.0,0.0,0.0,0.0,8.0,3.0,0.0,0.0,2.0,2.0,0.0,0.0,0.0,0.0,0.0,0.0,0.0,0.0,0.0,0.0,0.0,2.0,0.0,0.0,0.0,0.0,5.0,0.0,0.0,0.0,0.0,0.0,1.0,0.0,0.0,3.0,1.0,0.0,0.0,0.0,0.0,0.0,21.8,21.8,68.9,0.0,0.0,0.0,0.0,0.0,0.0,0.0,0.0,109.9,0.0,0.0,0.0,798.0,0.0,0.0,0.0,0.0,0.0,0.0,0.0,228.09000000000003,0.0,0.0,0.0,0.0,0.0,21.48,0.0,0.0,0.0,73.2,294.70000000000005,0.0,0.0,304.9,1006.0,0.0,0.0,0.0,0.0,0.0,0.0,0.0,0.0,0.0,0.0,0.0,19.8,0.0,0.0,0.0,0.0,42.5,0.0,0.0,0.0,0.0,0.0,10.9,0.0,0.0,203.79000000000002,149.0,fashion_bags_accessories,health_beauty
2017-01-09,89,12937.24,0.0,0.0,0.0,0.0,0.0,0.0,2.0,5.0,0.0,0.0,0.0,0.0,0.0,0.0,0.0,4.0,1.0,0.0,0.0,0.0,3.0,0.0,0.0,0.0,0.0,0.0,0.0,0.0,2.0,0.0,0.0,0.0,0.0,0.0,4.0,0.0,0.0,0.0,0.0,31.0,0.0,0.0,9.0,4.0,0.0,0.0,0.0,0.0,0.0,2.0,0.0,0.0,0.0,0.0,0.0,0.0,0.0,0.0,0.0,0.0,1.0,0.0,0.0,2.0,0.0,8.0,0.0,0.0,5.0,3.0,3.0,0.0,0.0,0.0,0.0,0.0,0.0,179.8,299.5,0.0,0.0,0.0,0.0,0.0,0.0,0.0,402.90000000000003,109.9,0.0,0.0,0.0,564.89,0.0,0.0,0.0,0.0,0.0,0.0,0.0,123.88999999999999,0.0,0.0,0.0,0.0,0.0,91.78,0.0,0.0,0.0,0.0,1939.2,0.0,0.0,3420.0,704.6899999999999,0.0,0.0,0.0,0.0,0.0,518.89,0.0,0.0,0.0,0.0,0.0,0.0,0.0,0.0,0.0,0.0,7.9,0.0,0.0,474.99,0.0,993.5,0.0,0.0,1543.45,454.79,1107.17,furniture_decor,garden_tools
2017-01-16,239,24310.46,0.0,0.0,0.0,0.0,0.0,11.0,12.0,11.0,0.0,0.0,0.0,0.0,0.0,0.0,0.0,5.0,7.0,0.0,0.0,0.0,6.0,0.0,0.0,0.0,0.0,0.0,10.0,0.0,5.0,0.0,1.0,1.0,0.0,1.0,10.0,0.0,0.0,0.0,0.0,70.0,0.0,0.0,7.0,18.0,0.0,1.0,0.0,0.0,0.0,4.0,0.0,0.0,0.0,0.0,3.0,0.0,0.0,0.0,0.0,3.0,3.0,0.0,0.0,1.0,0.0,21.0,10.0,0.0,2.0,12.0,2.0,0.0,0.0,0.0,0.0,0.0,1827.99,787.03,1101.1000000000001,0.0,0.0,0.0,0.0,0.0,0.0,0.0,345.5,1931.74,0.0,0.0,0.0,1447.6,0.0,0.0,0.0,0.0,0.0,557.1,0.0,339.5,0.0,126.9,34.9,0.0,86.25,372.94,0.0,0.0,0.0,0.0,4854.110000000001,0.0,0.0,636.67,3487.95,0.0,467.0,0.0,0.0,0.0,698.15,0.0,0.0,0.0,0.0,172.88,0.0,0.0,0.0,0.0,93.69999999999999,294.33,0.0,0.0,37.9,0.0,1679.52,881.39,0.0,21.87,939.45,568.0,furniture_decor,furniture_decor
2017-01-23,420,57773.15,2.0,4.0,0.0,0.0,0.0,15.0,16.0,18.0,1.0,0.0,0.0,0.0,0.0,0.0,0.0,17.0,11.0,0.0,0.0,0.0,24.0,0.0,0.0,0.0,0.0,0.0,1.0,2.0,17.0,0.0,0.0,0.0,0.0,0.0,5.0,0.0,2.0,0.0,0.0,57.0,4.0,0.0,22.0,45.0,0.0,3.0,2.0,0.0,0.0,19.0,0.0,1.0,0.0,3.0,1.0,0.0,1.0,4.0,0.0,26.0,6.0,1.0,0.0,1.0,0.0,41.0,3.0,0.0,11.0,22.0,3.0,43.98,663.7,0.0,0.0,0.0,2672.56,4409.37,1335.28,124.99,0.0,0.0,0.0,0.0,0.0,0.0,2515.24,3348.96,0.0,0.0,0.0,4283.3,0.0,0.0,0.0,0.0,0.0,59.9,77.3,930.59,0.0,0.0,0.0,0.0,0.0,179.93,0.0,42.82,0.0,0.0,4614.83,617.96,0.0,2690.48,4853.86,0.0,858.8,72.8,0.0,0.0,1399.64,0.0,110.0,0.0,382.7,224.16,0.0,339.74,559.56,0.0,4349.4,622.39,183.29,0.0,839.0,0.0,5982.24,669.6999999999999,0.0,969.8000000000001,2764.09,2820.4,furniture_decor,sports_leisure
2017-01-30,522,71710.34,2.0,0.0,0.0,0.0,1.0,16.0,14.0,34.0,2.0,0.0,0.0,0.0,0.0,0.0,1.0,19.0,9.0,2.0,0.0,0.0,22.0,0.0,0.0,0.0,0.0,2.0,0.0,0.0,11.0,0.0,2.0,0.0,0.0,4.0,4.0,0.0,1.0,0.0,0.0,70.0,12.0,0.0,29.0,64.0,0.0,5.0,0.0,1.0,0.0,5.0,0.0,0.0,0.0,9.0,4.0,0.0,2.0,24.0,0.0,22.0,8.0,0.0,0.0,7.0,0.0,37.0,5.0,2.0,27.0,15.0,12.0,43.98,0.0,0.0,0.0,29.9,2139.1,1249.77,3156.54,159.8,0.0,0.0,0.0,0.0,0.0,2199.99,1861.53,2303.2,459.9,0.0,0.0,3907.41,0.0,0.0,0.0,0.0,29.8,0.0,0.0,761.09,0.0,135.3,0.0,0.0,151.98,60.87,0.0,149.9,0.0,0.0,6718.43,1835.9,0.0,2025.1,11321.45,0.0,816.87,0.0,94.76,0.0,297.7,0.0,0.0,0.0,689.2,136.9,0.0,1587.72,3246.16,0.0,1920.8,630.0,0.0,0.0,882.49,0.0,4131.76,819.5,198.0,2425.2200000000003,2692.51,5077.639999999999,furniture_decor,health_beauty
2017-02-06,587,78487.83,2.0,1.0,0.0,0.0,0.0,35.0,11.0,48.0,3.0,0.0,0.0,0.0,0.0,0.0,0.0,28.0,3.0,1.0,0.0,0.0,18.0,2.0,0.0,0.0,0.0,1.0,6.0,1.0,15.0,0.0,2.0,1.0,0.0,4.0,3.0,0.0,2.0,0.0,0.0,58.0,4.0,0.0,12.0,51.0,1.0,0.0,0.0,0.0,1.0,29.0,0.0,0.0,0.0,8.0,6.0,0.0,3.0,29.0,0.0,15.0,10.0,0.0,0.0,13.0,0.0,60.0,11.0,2.0,34.0,22.0,8.0,114.89,109.0,0.0,0.0,0.0,5279.19,963.39,4566.39,329.21000000000004,0.0,0.0,0.0,0.0,0.0,0.0,5905.969999999999,760.79,149.9,0.0,0.0,3610.85,579.98,0.0,0.0,0.0,14.9,268.65,119.0,865.97,0.0,124.80000000000001,37.25,0.0,222.99,75.88,0.0,165.22,0.0,0.0,4879.87,709.97,0.0,2466.97,4897.78,159.0,0.0,0.0,0.0,186.9,8983.09,0.0,0.0,0.0,655.2,178.68,0.0,263.9,5193.21,0.0,3437.4999999999995,665.3299999999999,0.0,0.0,2201.41,0.0,4659.37,1198.01,198.0,2573.01,3470.13,5113.77,sports_leisure,housewares
2017-02-13,451,54493.94,3.0,9.0,0.0,0.0,2.0,21.0,11.0,48.0,1.0,1.0,1.0,0.0,0.0,1.0,0.0,31.0,2.0,1.0,0.0,1.0,17.0,0.0,0.0,0.0,0.0,0.0,4.0,1.0,8.0,0.0,2.0,2.0,0.0,1.0,6.0,0.0,4.0,0.0,1.0,65.0,0.0,0.0,26.0,27.0,6.0,0.0,0.0,1.0,2.0,19.0,0.0,1.0,0.0,2.0,6.0,0.0,2.0,13.0,0.0,8.0,8.0,0.0,0.0,5.0,0.0,24.0,2.0,0.0,28.0,17.0,3.0,65.97,2546.4,0.0,0.0,69.9,3183.21,655.41,4986.63,116.0,99.0,159.0,0.0,0.0,59.0,0.0,2876.21,155.89000000000001,36.99,0.0,379.0,2080.72,0.0,0.0,0.0,0.0,0.0,480.0,129.9,404.25,0.0,271.85,69.8,0.0,73.0,206.65,0.0,366.2,0.0,450.0,4929.12,0.0,0.0,4911.94,4642.76,581.9,0.0,0.0,230.0,373.8,2032.66,0.0,110.0,0.0,189.8,684.52,0.0,131.8,3058.61,0.0,1586.3899999999999,1210.27,0.0,0.0,1495.68,0.0,3901.84,254.9,0.0,1142.67,1987.3600000000001,756.3299999999999,furniture_decor,bed_bath_table
2017-02-20,431,47463.29,1.0,2.0,0.0,0.0,1.0,19.0,5.0,36.0,3.0,0.0,0.0,0.0,0.0,0.0,1.0,29.0,7.0,0.0,0.0,0.0,13.0,0.0,0.0,0.0,0.0,0.0,3.0,2.0,5.0,0.0,1.0,0.0,0.0,0.0,4.0,0.0,2.0,0.0,0.0,73.0,12.0,0.0,18.0,38.0,0.0,0.0,0.0,0.0,1.0,26.0,1.0,0.0,0.0,4.0,6.0,0.0,1.0,0.0,0.0,8.0,8.0,0.0,0.0,3.0,0.0,33.0,1.0,4.0,27.0,12.0,9.0,21.99,439.9,0.0,0.0,19.0,3117.09,979.79,3326.88,277.6,0.0,0.0,0.0,0.0,0.0,3549.0,1804.78,1528.59,0.0,0.0,0.0,2806.92,0.0,0.0,0.0,0.0,0.0,328.0,208.9,323.7,0.0,110.9,0.0,0.0,0.0,97.88,0.0,34.31,0.0,0.0,5344.24,1400.8,0.0,4061.7,4445.64,0.0,0.0,0.0,0.0,134.9,1367.62,119.0,0.0,0.0,269.78,378.32,0.0,199.0,0.0,0.0,1262.29,883.98,0.0,0.0,441.9,0.0,3867.9900000000002,68.99,396.0,991.97,782.62,1361.15,furniture_decor,furniture_decor
2017-02-27,557,72974.86,0.0,2.0,1.0,0.0,1.0,11.0,10.0,55.0,5.0,0.0,0.0,0.0,0.0,0.0,0.0,25.0,10.0,3.0,0.0,0.0,23.0,0.0,0.0,0.0,1.0,0.0,11.0,0.0,8.0,0.0,1.0,2.0,1.0,0.0,12.0,0.0,1.0,1.0,0.0,107.0,2.0,0.0,19.0,30.0,3.0,1.0,0.0,1.0,0.0,31.0,2.0,1.0,0.0,4.0,7.0,0.0,3.0,4.0,0.0,13.0,10.0,0.0,0.0,8.0,0.0,46.0,6.0,1.0,21.0,23.0,18.0,0.0,889.98,9.0,0.0,45.0,1390.66,678.73,5388.360000000001,484.12,0.0,0.0,0.0,0.0,0.0,0.0,2824.62,1922.5,658.9,0.0,0.0,5133.64,0.0,0.0,0.0,169.9,0.0,431.9,0.0,717.3,0.0,64.9,185.8,39.9,0.0,759.7900000000001,0.0,149.9,25.0,0.0,6704.610000000001,468.9,0.0,4300.0199999999995,3201.1,77.9,13.9,0.0,89.9,0.0,2022.63,238.0,29.9,0.0,479.69,831.4000000000001,0.0,568.86,1369.75,0.0,2200.16,1411.89,0.0,0.0,4413.72,0.0,9844.28,866.8,99.0,674.63,2524.36,7057.07,furniture_decor,sports_leisure
2017-03-06,664,78362.16,0.0,5.0,0.0,0.0,8.0,22.0,11.0,70.0,7.0,0.0,1.0,0.0,0.0,0.0,0.0,51.0,11.0,0.0,0.0,1.0,28.0,0.0,0.0,0.0,0.0,3.0,6.0,0.0,12.0,0.0,1.0,3.0,0.0,2.0,5.0,0.0,6.0,1.0,0.0,69.0,4.0,0.0,29.0,43.0,1.0,0.0,0.0,3.0,6.0,44.0,0.0,1.0,0.0,9.0,7.0,1.0,2.0,23.0,0.0,19.0,2.0,0.0,0.0,5.0,0.0,36.0,15.0,0.0,32.0,24.0,16.0,0.0,2324.73,0.0,0.0,675.9,3703.63,715.22,6962.55,606.74,0.0,30.0,0.0,0.0,0.0,0.0,7516.47,2841.37,0.0,0.0,190.0,4601.9800000000005,0.0,0.0,0.0,0.0,1449.8,628.79,0.0,498.2,0.0,14.9,357.7,0.0,138.25,401.77,0.0,694.1800000000001,19.9,0.0,4668.57,406.76,0.0,3127.06,5682.2,27.0,0.0,0.0,139.8,91.08,2457.3,0.0,48.0,0.0,913.79,938.4,27.99,434.79999999999995,4647.07,0.0,3999.01,184.49,0.0,0.0,1370.7,0.0,3436.95,1475.9,0.0,1219.25,3273.35,2946.38,bed_bath_table,computers_accessories
2017-03-13,695,95524.38,1.0,5.0,1.0,0.0,2.0,15.0,10.0,59.0,8.0,0.0,1.0,0.0,0.0,0.0,0.0,28.0,13.0,1.0,0.0,1.0,29.0,0.0,0.0,0.0,2.0,0.0,8.0,1.0,16.0,0.0,1.0,2.0,0.0,3.0,1.0,0.0,10.0,2.0,0.0,74.0,5.0,0.0,53.0,52.0,4.0,1.0,1.0,1.0,2.0,50.0,0.0,0.0,0.0,8.0,2.0,0.0,2.0,30.0,0.0,33.0,15.0,0.0,0.0,8.0,0.0,41.0,11.0,1.0,22.0,23.0,29.0,59.99,589.6,28.0,0.0,224.99,2481.0,1410.26,5047.11,959.6,0.0,45.0,0.0,0.0,0.0,0.0,2614.04,3562.38,114.5,0.0,190.0,4943.17,0.0,0.0,0.0,263.99,0.0,1236.47,19.9,1238.2,0.0,199.9,232.6,0.0,81.89,60.0,0.0,1125.62,44.0,0.0,5233.95,967.95,0.0,7911.17,7766.9,138.6,487.0,12.9,89.9,220.9,4188.66,0.0,0.0,0.0,1207.49,118.89000000000001,0.0,340.74,3683.79,0.0,6550.92,3456.49,0.0,0.0,4369.79,0.0,5400.3,1786.4,99.0,979.17,2320.8,11092.83,furniture_decor,watches_gifts
2017-03-20,727,84932.0,1.0,3.0,3.0,0.0,1.0,20.0,8.0,73.0,2.0,0.0,0.0,0.0,0.0,0.0,0.0,39.0,9.0,0.0,0.0,0.0,30.0,0.0,0.0,0.0,2.0,1.0,9.0,0.0,19.0,0.0,5.0,5.0,0.0,0.0,3.0,0.0,2.0,1.0,0.0,64.0,10.0,0.0,37.0,56.0,2.0,0.0,0.0,4.0,2.0,57.0,0.0,2.0,0.0,8.0,2.0,0.0,1.0,15.0,0.0,30.0,17.0,0.0,0.0,7.0,0.0,56.0,8.0,1.0,60.0,20.0,15.0,22.0,179.7,186.25,0.0,34.99,3475.79,631.1800000000001,6401.38,219.5,0.0,0.0,0.0,0.0,0.0,0.0,8939.029999999999,1876.1299999999999,0.0,0.0,0.0,5062.74,0.0,0.0,0.0,29.98,14.9,845.87,0.0,1113.2,0.0,201.2,548.1,0.0,0.0,79.78999999999999,0.0,200.99,21.9,0.0,5046.7,1403.51,0.0,4429.21,6373.29,69.8,0.0,0.0,766.9,279.98,3727.49,0.0,65.98,0.0,2147.94,259.8,0.0,17.99,2025.3400000000001,0.0,5101.65,3023.97,0.0,0.0,2068.96,0.0,5858.63,522.15,99.0,3019.79,2963.64,4325.52,bed_bath_table,computers_accessories
2017-03-27,624,86443.03,0.0,4.0,0.0,0.0,3.0,27.0,8.0,75.0,3.0,0.0,0.0,0.0,0.0,0.0,0.0,38.0,8.0,0.0,0.0,0.0,23.0,0.0,0.0,0.0,0.0,1.0,9.0,0.0,16.0,0.0,1.0,3.0,1.0,1.0,6.0,0.0,6.0,0.0,0.0,44.0,7.0,0.0,21.0,44.0,0.0,0.0,2.0,6.0,0.0,31.0,0.0,0.0,0.0,11.0,1.0,0.0,4.0,16.0,0.0,19.0,9.0,0.0,1.0,7.0,0.0,39.0,19.0,4.0,47.0,24.0,17.0,0.0,239.6,0.0,0.0,198.89000000000001,5718.97,578.58,6045.11,379.0,0.0,0.0,0.0,0.0,0.0,0.0,7253.919999999999,674.4,0.0,0.0,0.0,5495.25,0.0,0.0,0.0,0.0,409.0,985.1700000000001,0.0,1472.16,0.0,99.9,265.70000000000005,49.9,174.0,619.94,0.0,556.87,0.0,0.0,3491.71,779.65,0.0,5043.98,4543.89,0.0,0.0,329.98,1166.7,0.0,1569.32,0.0,0.0,0.0,1394.9,19.9,0.0,666.55,2189.02,0.0,4084.5899999999997,752.5,0.0,75.0,8874.89,0.0,3940.08,1579.17,449.99,2832.0,2964.4,6448.98,bed_bath_table,small_appliances
2017-04-03,653,93838.63,0.0,4.0,0.0,0.0,2.0,19.0,10.0,76.0,1.0,0.0,1.0,0.0,0.0,1.0,0.0,22.0,5.0,0.0,0.0,0.0,29.0,1.0,0.0,0.0,6.0,1.0,13.0,0.0,10.0,0.0,2.0,4.0,0.0,3.0,7.0,0.0,4.0,0.0,0.0,51.0,2.0,0.0,29.0,37.0,2.0,0.0,1.0,2.0,1.0,41.0,0.0,4.0,1.0,11.0,6.0,0.0,3.0,11.0,0.0,32.0,9.0,0.0,2.0,5.0,0.0,53.0,8.0,2.0,36.0,33.0,27.0,0.0,318.6,0.0,0.0,154.0,3046.53,554.66,5838.3,115.0,0.0,75.0,0.0,0.0,59.0,0.0,6065.0,2527.59,0.0,0.0,0.0,4489.29,10.91,0.0,0.0,89.94,1420.0,744.37,0.0,566.48,0.0,129.89000000000001,215.60000000000002,0.0,92.89,2849.4,0.0,217.98,0.0,0.0,4943.75,209.89000000000001,0.0,7848.65,3515.16,59.9,0.0,12.9,358.9,125.0,2625.33,0.0,272.8,24.0,1537.9,2267.6,0.0,704.5699999999999,2555.41,0.0,7949.08,1673.96,0.0,99.07,3900.5,0.0,6534.8,537.04,113.9,2055.81,3078.61,7735.03,bed_bath_table,perfumery
2017-04-10,476,59888.01,0.0,3.0,0.0,0.0,2.0,25.0,6.0,33.0,2.0,0.0,0.0,0.0,0.0,0.0,0.0,27.0,2.0,0.0,0.0,0.0,31.0,1.0,1.0,0.0,0.0,0.0,6.0,1.0,14.0,0.0,0.0,4.0,2.0,1.0,1.0,0.0,2.0,1.0,1.0,31.0,7.0,0.0,30.0,36.0,2.0,1.0,0.0,0.0,1.0,25.0,0.0,2.0,0.0,10.0,1.0,1.0,4.0,1.0,0.0,22.0,9.0,0.0,1.0,2.0,0.0,44.0,9.0,1.0,24.0,24.0,13.0,0.0,1426.73,0.0,0.0,179.8,3875.85,656.13,2667.38,139.49,0.0,0.0,0.0,0.0,0.0,0.0,4927.030000000001,64.58,0.0,0.0,0.0,4992.81,59.9,729.0,0.0,0.0,0.0,127.03999999999999,64.9,883.36,0.0,0.0,334.4,114.88999999999999,5.9,39.99,0.0,198.0,13.9,209.99,4090.34,1525.61,0.0,3286.5,5080.13,59.9,399.9,0.0,0.0,620.1,1917.8600000000001,0.0,97.8,0.0,1581.0,28.99,34.9,578.5699999999999,430.0,0.0,3420.74,977.48,0.0,28.99,238.0,0.0,4271.18,885.3,99.0,716.36,2551.91,3888.63,sports_leisure,health_beauty
2017-04-17,641,87536.83,0.0,5.0,0.0,0.0,2.0,16.0,17.0,76.0,7.0,1.0,0.0,0.0,0.0,0.0,0.0,37.0,6.0,0.0,0.0,0.0,24.0,2.0,0.0,0.0,1.0,1.0,13.0,0.0,9.0,0.0,3.0,6.0,1.0,0.0,1.0,0.0,1.0,0.0,0.0,58.0,1.0,0.0,24.0,51.0,2.0,1.0,0.0,13.0,2.0,30.0,0.0,1.0,0.0,11.0,5.0,0.0,6.0,13.0,0.0,29.0,13.0,0.0,0.0,8.0,0.0,46.0,6.0,2.0,32.0,22.0,24.0,0.0,517.8,0.0,0.0,129.8,2200.95,1493.82,6387.09,561.09,19.99,0.0,0.0,0.0,0.0,0.0,5668.2,920.5899999999999,0.0,0.0,0.0,4833.68,119.8,0.0,0.0,109.99,14.9,881.67,0.0,786.49,0.0,237.0,403.4,24.99,0.0,60.0,0.0,15.32,0.0,0.0,5546.11,103.97,0.0,3719.06,6718.87,116.9,399.9,0.0,1970.3,760.09,3848.7400000000002,0.0,594.0,0.0,1608.8999999999999,380.39,0.0,1724.7399999999998,1780.31,0.0,3629.12,1199.54,0.0,0.0,11332.49,0.0,5765.3,1643.8,198.0,1723.28,2916.64,3344.82,bed_bath_table,small_appliances
2017-04-24,767,91836.51,0.0,2.0,1.0,0.0,5.0,21.0,17.0,58.0,2.0,0.0,0.0,0.0,1.0,1.0,0.0,47.0,3.0,0.0,0.0,0.0,32.0,4.0,0.0,0.0,0.0,0.0,16.0,0.0,15.0,0.0,2.0,8.0,0.0,0.0,2.0,0.0,0.0,2.0,4.0,54.0,0.0,1.0,32.0,53.0,4.0,0.0,0.0,1.0,1.0,83.0,0.0,2.0,0.0,15.0,8.0,1.0,2.0,26.0,0.0,17.0,18.0,0.0,0.0,4.0,0.0,68.0,10.0,4.0,46.0,27.0,26.0,0.0,199.3,119.9,0.0,478.6,4276.85,1185.94,6785.1,107.8,0.0,0.0,0.0,69.0,59.0,0.0,3691.95,152.17999999999998,0.0,0.0,0.0,4973.51,1299.6,0.0,0.0,0.0,0.0,3069.16,0.0,874.5699999999999,0.0,49.8,498.2,0.0,0.0,48.94,0.0,0.0,34.0,648.97,6375.22,0.0,109.4,5670.38,6089.44,262.7,0.0,0.0,42.0,97.5,6372.82,0.0,68.8,0.0,2202.6,1413.2,24.9,487.79999999999995,3706.91,0.0,3353.6699999999996,2212.02,0.0,0.0,394.99,0.0,7687.96,1212.4,449.99,2323.59,3797.88,6308.17,housewares,sports_leisure
2017-05-01,870,101140.19,1.0,3.0,2.0,0.0,3.0,24.0,25.0,68.0,4.0,0.0,2.0,0.0,0.0,1.0,0.0,42.0,6.0,0.0,0.0,0.0,46.0,0.0,2.0,0.0,0.0,0.0,11.0,1.0,25.0,0.0,0.0,4.0,0.0,1.0,4.0,0.0,1.0,6.0,0.0,64.0,12.0,0.0,41.0,71.0,10.0,3.0,0.0,8.0,1.0,63.0,1.0,2.0,0.0,10.0,5.0,0.0,7.0,12.0,0.0,28.0,20.0,0.0,0.0,1.0,0.0,78.0,19.0,2.0,52.0,38.0,17.0,59.99,377.0,73.4,0.0,587.9,2626.2400000000002,1829.57,5686.49,399.4,0.0,113.4,0.0,0.0,59.0,0.0,5059.75,364.28,0.0,0.0,0.0,6651.43,0.0,803.9,0.0,0.0,0.0,1088.92,54.9,2066.48,0.0,0.0,125.6,0.0,5.9,279.47,0.0,149.9,87.8,0.0,5490.08,1258.31,0.0,8325.04,9705.05,592.79,2394.09,0.0,1409.59,620.1,3896.85,139.9,68.8,0.0,2286.1,691.3,0.0,2557.67,2038.65,0.0,3643.57,2586.09,0.0,0.0,360.0,0.0,9252.36,1463.79,198.0,1975.11,4592.7300000000005,4319.74,sports_leisure,health_beauty
2017-05-08,892,113051.56,1.0,3.0,1.0,1.0,3.0,24.0,26.0,83.0,7.0,0.0,1.0,0.0,0.0,0.0,0.0,93.0,5.0,0.0,0.0,0.0,56.0,5.0,0.0,0.0,0.0,1.0,19.0,0.0,17.0,0.0,1.0,5.0,2.0,2.0,2.0,0.0,0.0,3.0,2.0,58.0,5.0,1.0,33.0,65.0,6.0,2.0,0.0,5.0,1.0,46.0,0.0,0.0,0.0,11.0,3.0,0.0,2.0,28.0,0.0,27.0,16.0,0.0,1.0,3.0,0.0,59.0,13.0,2.0,47.0,45.0,34.0,589.99,513.79,36.9,21.99,258.8,3645.34,2209.38,7896.9400000000005,666.3000000000001,0.0,148.6,0.0,0.0,0.0,0.0,18325.87,326.48,0.0,0.0,0.0,7172.99,1437.5,0.0,0.0,0.0,19.9,2538.68,0.0,1223.35,0.0,110.9,180.5,74.89,11.8,72.89,0.0,0.0,53.879999999999995,253.98,4333.03,905.8199999999999,109.4,4580.37,10502.56,679.8,179.98,0.0,937.7,125.0,2568.34,0.0,0.0,0.0,1503.9,531.64,0.0,99.80000000000001,4035.94,0.0,4076.91,3186.91,0.0,5.95,425.99,0.0,5313.64,1274.2,988.99,1837.1599999999999,4375.4800000000005,8512.16,computers_accessories,computers_accessories
2017-05-15,1052,122182.25,1.0,1.0,2.0,0.0,6.0,28.0,25.0,81.0,3.0,0.0,0.0,0.0,0.0,0.0,0.0,87.0,10.0,0.0,0.0,0.0,70.0,0.0,0.0,0.0,0.0,2.0,19.0,4.0,34.0,1.0,3.0,5.0,0.0,3.0,2.0,0.0,2.0,5.0,5.0,77.0,5.0,1.0,30.0,61.0,5.0,3.0,0.0,8.0,4.0,95.0,0.0,4.0,0.0,21.0,9.0,0.0,4.0,7.0,0.0,38.0,17.0,0.0,0.0,6.0,0.0,87.0,15.0,0.0,53.0,46.0,35.0,869.97,25.99,189.8,0.0,566.69,5057.1,1831.01,6806.74,284.39,0.0,0.0,0.0,0.0,0.0,0.0,9848.81,955.83,0.0,0.0,0.0,9087.6,0.0,0.0,0.0,0.0,39.8,1084.99,367.5,2138.94,110.0,498.0,231.5,0.0,73.8,57.989999999999995,0.0,238.0,187.4,1767.99,6731.34,1096.81,399.99,3358.87,9360.98,243.0,428.98,0.0,991.5,847.5,7416.49,0.0,293.78,0.0,3512.9,682.58,0.0,3049.6,918.93,0.0,5618.44,1113.63,0.0,0.0,1055.87,0.0,11059.55,1233.19,0.0,1962.05,4066.04,13076.33,housewares,watches_gifts
2017-05-22,884,116000.65,1.0,0.0,2.0,0.0,3.0,32.0,22.0,101.0,4.0,0.0,0.0,0.0,0.0,0.0,0.0,62.0,7.0,0.0,0.0,0.0,47.0,3.0,0.0,0.0,1.0,1.0,10.0,0.0,27.0,0.0,0.0,5.0,1.0,1.0,0.0,0.0,0.0,2.0,1.0,49.0,8.0,0.0,27.0,57.0,2.0,1.0,0.0,11.0,1.0,58.0,1.0,3.0,1.0,19.0,1.0,0.0,6.0,4.0,0.0,40.0,8.0,0.0,1.0,5.0,0.0,79.0,13.0,3.0,47.0,48.0,34.0,59.99,0.0,6618.9,0.0,438.8,3975.1,2169.88,9909.87,221.48,0.0,0.0,0.0,0.0,0.0,0.0,8351.05,805.71,0.0,0.0,0.0,7543.41,139.74,0.0,0.0,90.0,29.9,1259.74,0.0,1700.02,0.0,0.0,403.14,49.95,192.0,0.0,0.0,0.0,61.31,219.0,4719.96,950.6600000000001,0.0,3735.08,9612.85,66.9,89.99,0.0,1197.29,27.9,5021.57,379.9,941.9,193.0,4011.19,125.0,0.0,3208.63,719.96,0.0,5374.68,431.6,0.0,74.9,1874.78,0.0,9188.66,1126.1000000000001,327.99,1845.15,5962.87,8899.48,bed_bath_table,bed_bath_table
2017-05-29,916,116446.65,0.0,1.0,1.0,0.0,2.0,24.0,21.0,76.0,5.0,0.0,1.0,0.0,0.0,1.0,0.0,72.0,4.0,1.0,0.0,0.0,58.0,0.0,0.0,0.0,0.0,1.0,17.0,0.0,21.0,0.0,3.0,7.0,1.0,0.0,4.0,0.0,0.0,1.0,1.0,58.0,5.0,1.0,25.0,80.0,9.0,1.0,0.0,7.0,5.0,81.0,1.0,1.0,0.0,20.0,6.0,0.0,4.0,10.0,0.0,34.0,21.0,0.0,2.0,7.0,0.0,47.0,10.0,3.0,45.0,48.0,31.0,0.0,99.99,48.65,0.0,228.99,4205.04,3012.33,6502.99,520.8,0.0,65.9,0.0,0.0,79.0,0.0,9254.73,517.28,99.99,0.0,0.0,11054.34,0.0,0.0,0.0,0.0,19.9,1181.58,0.0,1570.26,0.0,74.69999999999999,1294.1599999999999,89.9,0.0,117.96000000000001,0.0,0.0,25.9,129.0,4713.37,797.8199999999999,86.5,3063.2200000000003,12124.73,455.15,205.99,0.0,1013.69,1228.5,5534.46,131.0,48.9,0.0,2728.62,696.26,0.0,1235.53,1494.9,0.0,4762.57,1614.54,0.0,428.0,3513.69,0.0,6320.75,1321.3,297.0,2955.88,6166.87,10122.73,housewares,health_beauty
2017-06-05,938,108623.7,0.0,5.0,3.0,0.0,2.0,32.0,16.0,102.0,7.0,0.0,1.0,0.0,0.0,0.0,0.0,70.0,4.0,3.0,0.0,0.0,42.0,0.0,0.0,0.0,1.0,1.0,8.0,2.0,27.0,1.0,2.0,3.0,2.0,0.0,3.0,0.0,0.0,2.0,1.0,63.0,9.0,0.0,32.0,55.0,7.0,1.0,1.0,8.0,0.0,67.0,0.0,1.0,0.0,14.0,6.0,1.0,5.0,6.0,0.0,47.0,24.0,0.0,2.0,4.0,0.0,72.0,9.0,2.0,55.0,53.0,37.0,0.0,730.6899999999999,110.3,0.0,344.0,4760.23,1584.46,8645.84,597.1,0.0,80.0,0.0,0.0,0.0,0.0,10801.53,1297.48,116.69999999999999,0.0,0.0,8688.41,0.0,0.0,0.0,49.99,16.9,283.48,89.9,1597.27,110.0,109.8,173.54,270.8,0.0,618.75,0.0,0.0,57.4,219.0,3083.37,1121.58,0.0,5379.34,9731.12,315.9,129.0,12.9,1688.79,0.0,5138.110000000001,0.0,48.9,0.0,2591.46,296.28999999999996,329.0,1359.59,941.85,0.0,6491.43,1448.44,0.0,273.9,870.38,0.0,8458.73,909.29,198.0,2106.55,5255.89,7660.36,bed_bath_table,computers_accessories
2017-06-12,847,104007.7,0.0,1.0,1.0,0.0,5.0,28.0,27.0,98.0,3.0,2.0,0.0,0.0,0.0,0.0,0.0,76.0,7.0,4.0,0.0,0.0,51.0,0.0,0.0,0.0,0.0,1.0,12.0,1.0,21.0,0.0,4.0,7.0,2.0,0.0,3.0,0.0,1.0,0.0,1.0,43.0,2.0,0.0,34.0,54.0,10.0,1.0,0.0,2.0,1.0,66.0,0.0,0.0,0.0,14.0,2.0,0.0,3.0,12.0,0.0,35.0,9.0,0.0,0.0,6.0,0.0,72.0,8.0,1.0,43.0,34.0,25.0,0.0,25.99,90.0,0.0,805.0,17702.81,2392.19,8943.66,359.9,99.0,0.0,0.0,0.0,0.0,0.0,7951.01,626.6,159.68,0.0,0.0,6513.47,0.0,0.0,0.0,0.0,69.99,556.39,64.9,2132.71,0.0,255.20000000000002,337.06,94.89,0.0,142.98000000000002,0.0,149.9,0.0,89.99,2450.43,177.87,0.0,3475.5,4575.8,549.15,269.99,0.0,164.9,59.8,4576.86,0.0,0.0,0.0,1310.6,189.8,0.0,1173.9,1701.75,0.0,6927.75,1186.93,0.0,0.0,3587.67,0.0,7413.29,763.79,99.0,2317.83,3583.86,6383.66,bed_bath_table,auto
2017-06-19,737,87998.43000000001,0.0,3.0,6.0,0.0,1.0,24.0,15.0,76.0,5.0,0.0,0.0,0.0,3.0,0.0,0.0,52.0,11.0,0.0,0.0,0.0,41.0,1.0,0.0,0.0,0.0,0.0,7.0,0.0,13.0,0.0,1.0,3.0,0.0,1.0,1.0,0.0,0.0,0.0,0.0,57.0,3.0,0.0,17.0,60.0,11.0,2.0,0.0,4.0,0.0,87.0,1.0,1.0,0.0,10.0,3.0,1.0,8.0,18.0,0.0,27.0,11.0,0.0,0.0,3.0,0.0,48.0,10.0,0.0,23.0,27.0,33.0,0.0,423.9,221.39999999999998,0.0,89.0,5381.9,1204.86,6718.74,629.7,0.0,0.0,0.0,184.7,0.0,0.0,5910.45,2385.68,0.0,0.0,0.0,9450.619999999999,39.99,0.0,0.0,0.0,0.0,413.59,0.0,1081.18,0.0,129.99,137.62,0.0,3.9,19.99,0.0,0.0,0.0,0.0,4977.05,333.86,0.0,2095.08,7719.2,921.6,418.99,0.0,626.7,0.0,6072.51,145.97,229.0,0.0,1134.85,169.70000000000002,79.9,1723.8600000000001,2716.09,0.0,3966.37,1247.69,0.0,0.0,2440.99,0.0,6368.1900000000005,634.49,0.0,638.48,2618.79,5977.88,housewares,cool_stuff
2017-06-26,795,93299.8,1.0,2.0,0.0,0.0,3.0,25.0,14.0,91.0,4.0,0.0,0.0,0.0,0.0,0.0,0.0,36.0,5.0,1.0,0.0,0.0,59.0,4.0,0.0,0.0,0.0,1.0,10.0,1.0,12.0,0.0,0.0,4.0,1.0,0.0,3.0,0.0,0.0,0.0,0.0,65.0,1.0,0.0,20.0,62.0,13.0,3.0,1.0,5.0,2.0,89.0,0.0,1.0,0.0,14.0,3.0,2.0,2.0,11.0,0.0,28.0,13.0,0.0,0.0,9.0,1.0,72.0,12.0,1.0,25.0,32.0,23.0,1390.0,903.9000000000001,0.0,0.0,433.0,3641.86,2109.36,9897.01,217.48000000000002,0.0,0.0,0.0,0.0,0.0,0.0,8214.74,616.88,99.99,0.0,0.0,9038.82,469.6,0.0,0.0,0.0,19.9,544.6800000000001,49.0,1033.28,0.0,0.0,172.51999999999998,39.9,0.0,85.97,0.0,0.0,0.0,0.0,6749.49,139.9,0.0,2713.03,7856.62,737.19,438.89,12.9,577.9,704.0,6471.18,0.0,48.0,0.0,1913.89,353.36,658.0,603.9,1434.47,0.0,4134.19,695.9,0.0,0.0,937.77,71.9,7825.9400000000005,1329.0,99.0,623.89,2592.83,4091.88,bed_bath_table,bed_bath_table
2017-07-03,912,107175.68000000001,0.0,1.0,2.0,0.0,1.0,20.0,24.0,129.0,1.0,0.0,0.0,2.0,0.0,0.0,0.0,62.0,7.0,1.0,0.0,0.0,55.0,1.0,0.0,0.0,1.0,1.0,22.0,0.0,16.0,0.0,0.0,2.0,0.0,0.0,4.0,0.0,1.0,3.0,1.0,77.0,4.0,0.0,31.0,62.0,5.0,1.0,0.0,8.0,0.0,55.0,1.0,0.0,0.0,17.0,4.0,1.0,4.0,24.0,0.0,22.0,23.0,0.0,0.0,6.0,0.0,77.0,19.0,1.0,29.0,47.0,24.0,0.0,10.9,276.75,0.0,159.9,2003.5,1915.8,12992.34,122.5,0.0,0.0,90.0,0.0,0.0,0.0,10078.97,402.69,99.99,0.0,0.0,10627.8,56.9,0.0,0.0,173.99,699.0,1733.86,0.0,970.58,0.0,0.0,315.8,0.0,0.0,105.78,0.0,63.49,79.3,259.0,6413.52,735.7,0.0,3746.89,7613.35,212.4,159.0,0.0,1048.58,0.0,4757.99,145.97,0.0,0.0,2253.26,507.28999999999996,329.0,257.70000000000005,3587.35,0.0,1713.7,2107.96,0.0,0.0,261.67,0.0,8109.56,2092.27,99.0,1132.65,6561.28,9448.17,bed_bath_table,bed_bath_table
2017-07-10,1089,114349.25,1.0,1.0,1.0,1.0,4.0,35.0,33.0,138.0,1.0,0.0,0.0,2.0,1.0,0.0,0.0,76.0,9.0,3.0,0.0,0.0,63.0,2.0,0.0,0.0,0.0,2.0,30.0,0.0,22.0,0.0,5.0,4.0,0.0,1.0,2.0,0.0,1.0,2.0,0.0,67.0,13.0,0.0,28.0,91.0,3.0,1.0,0.0,17.0,0.0,51.0,1.0,2.0,1.0,21.0,3.0,0.0,7.0,24.0,0.0,33.0,26.0,0.0,3.0,10.0,0.0,97.0,18.0,0.0,25.0,51.0,44.0,1180.0,125.9,110.0,129.9,483.89,2697.92,3577.3,16031.89,115.0,0.0,0.0,90.0,58.9,0.0,0.0,8574.76,539.5,299.96999999999997,0.0,0.0,9192.55,139.8,0.0,0.0,0.0,33.8,2251.7,0.0,1562.04,0.0,258.19,215.44,0.0,59.9,52.980000000000004,0.0,114.9,36.4,0.0,4365.28,1966.33,0.0,3612.14,5580.47,101.69999999999999,149.0,0.0,2130.07,0.0,4083.04,99.99,165.8,119.99,2689.0,404.89,0.0,3150.6,3489.29,0.0,3197.36,1552.51,0.0,322.28,1981.53,0.0,9801.44,1240.97,0.0,1296.2,5166.61,8836.06,bed_bath_table,bed_bath_table
2017-07-17,1092,122535.87,0.0,2.0,0.0,0.0,1.0,27.0,37.0,157.0,6.0,0.0,0.0,0.0,1.0,0.0,0.0,82.0,9.0,1.0,0.0,0.0,50.0,3.0,0.0,0.0,0.0,0.0,23.0,1.0,20.0,0.0,3.0,7.0,1.0,1.0,1.0,0.0,2.0,3.0,1.0,58.0,6.0,1.0,89.0,71.0,13.0,0.0,0.0,9.0,0.0,57.0,0.0,6.0,2.0,11.0,2.0,0.0,6.0,28.0,0.0,38.0,20.0,0.0,2.0,8.0,0.0,75.0,14.0,0.0,35.0,40.0,44.0,0.0,1032.4,0.0,0.0,98.0,6172.21,5280.79,19103.94,526.4000000000001,0.0,0.0,0.0,6.19,0.0,0.0,10258.08,1122.5900000000001,99.99,0.0,0.0,7692.4,43.28,0.0,0.0,0.0,0.0,2186.68,65.9,1096.02,0.0,321.9,314.73999999999995,69.9,59.9,19.99,0.0,142.4,52.5,259.0,4450.64,839.68,109.4,8819.24,7542.14,1897.8500000000001,0.0,0.0,724.6,0.0,3930.3,0.0,503.8,221.0,1122.99,432.7,0.0,553.5,4473.64,0.0,4084.02,1381.67,0.0,198.01,1557.8100000000002,0.0,6532.18,1202.77,0.0,3297.41,4332.17,7457.13,bed_bath_table,bed_bath_table
2017-07-24,1048,113056.61,0.0,0.0,0.0,0.0,1.0,29.0,24.0,118.0,3.0,0.0,1.0,1.0,0.0,0.0,0.0,81.0,19.0,1.0,1.0,0.0,35.0,1.0,0.0,0.0,2.0,1.0,13.0,1.0,21.0,0.0,1.0,5.0,0.0,1.0,2.0,0.0,3.0,0.0,3.0,84.0,6.0,0.0,30.0,68.0,12.0,3.0,0.0,6.0,2.0,80.0,0.0,2.0,0.0,19.0,3.0,0.0,13.0,34.0,1.0,27.0,13.0,0.0,1.0,7.0,0.0,103.0,22.0,0.0,42.0,46.0,41.0,0.0,0.0,0.0,0.0,29.9,2013.1100000000001,3799.7400000000002,12134.33,383.70000000000005,0.0,199.0,45.0,0.0,0.0,0.0,7466.87,2863.48,49.49,360.0,0.0,6253.110000000001,32.7,0.0,0.0,99.98,16.9,733.09,65.9,1003.78,0.0,139.9,516.23,0.0,155.0,39.98,0.0,263.37,0.0,688.99,6587.36,633.61,0.0,3213.68,10862.06,1106.74,477.0,0.0,402.6,93.6,5427.97,0.0,598.9,0.0,1795.96,128.6,0.0,3204.79,4665.82,69.9,3419.18,1166.7,0.0,9.9,693.46,0.0,10367.91,1887.24,0.0,2895.36,5766.320000000001,7622.81,bed_bath_table,bed_bath_table
2017-07-31,1098,120780.1,0.0,4.0,0.0,0.0,2.0,43.0,30.0,94.0,5.0,0.0,2.0,0.0,0.0,0.0,0.0,86.0,15.0,1.0,1.0,0.0,65.0,1.0,0.0,0.0,0.0,1.0,16.0,2.0,23.0,1.0,4.0,4.0,0.0,0.0,3.0,0.0,2.0,2.0,0.0,106.0,9.0,0.0,45.0,80.0,5.0,1.0,0.0,6.0,0.0,79.0,0.0,2.0,1.0,15.0,6.0,0.0,6.0,13.0,0.0,20.0,18.0,0.0,1.0,11.0,0.0,90.0,15.0,1.0,39.0,54.0,54.0,0.0,680.6700000000001,0.0,0.0,79.8,5940.99,4643.06,10846.1,456.89,0.0,474.0,0.0,0.0,0.0,0.0,8441.75,1834.28,112.0,360.0,0.0,7451.68,194.9,0.0,0.0,0.0,16.9,780.9300000000001,178.9,1291.67,49.9,249.78000000000003,310.69,0.0,0.0,437.89,0.0,179.9,51.49,0.0,8470.36,1092.27,0.0,3662.13,10756.6,980.5999999999999,749.0,0.0,589.59,0.0,5472.94,0.0,83.9,129.0,1463.5,524.4,0.0,2459.7,2082.88,0.0,1771.12,3515.94,0.0,129.0,624.26,0.0,9519.93,1050.48,99.0,2799.95,5251.6900000000005,11577.869999999999,furniture_decor,watches_gifts
2017-08-07,1062,128991.83,0.0,3.0,2.0,0.0,2.0,25.0,24.0,135.0,10.0,0.0,2.0,2.0,0.0,0.0,0.0,75.0,10.0,1.0,0.0,0.0,67.0,1.0,0.0,0.0,1.0,3.0,20.0,1.0,20.0,0.0,1.0,4.0,0.0,4.0,10.0,0.0,2.0,1.0,2.0,78.0,3.0,0.0,50.0,68.0,11.0,3.0,0.0,10.0,0.0,62.0,0.0,3.0,1.0,22.0,6.0,0.0,6.0,17.0,0.0,23.0,23.0,0.0,1.0,6.0,2.0,100.0,22.0,1.0,27.0,40.0,38.0,0.0,378.9,154.9,0.0,178.0,5269.4,3788.22,15394.64,1652.6,0.0,176.55,90.0,0.0,0.0,0.0,8972.23,2009.87,112.0,0.0,0.0,12797.93,99.9,0.0,0.0,10.0,56.699999999999996,1594.76,64.9,1307.05,0.0,49.9,454.4,0.0,511.9,1863.79,0.0,39.31,12.5,389.0,6407.57,251.37,0.0,5586.26,10825.46,1234.45,585.99,0.0,1455.4,0.0,5843.36,0.0,436.9,174.0,2406.0,651.62,0.0,455.89,3044.93,0.0,2613.81,1918.33,0.0,89.9,571.66,109.06,11539.34,1753.29,14.9,2066.9900000000002,4123.67,6600.9,bed_bath_table,bed_bath_table
2017-08-14,1168,127107.88,0.0,3.0,0.0,0.0,2.0,39.0,30.0,143.0,2.0,0.0,0.0,0.0,0.0,0.0,0.0,89.0,21.0,3.0,0.0,0.0,55.0,0.0,0.0,0.0,1.0,1.0,8.0,2.0,33.0,0.0,5.0,7.0,1.0,3.0,6.0,0.0,1.0,5.0,0.0,100.0,4.0,1.0,73.0,85.0,16.0,7.0,1.0,2.0,1.0,65.0,2.0,2.0,0.0,11.0,5.0,0.0,5.0,16.0,0.0,33.0,8.0,0.0,1.0,9.0,0.0,104.0,19.0,0.0,31.0,45.0,43.0,0.0,630.06,0.0,0.0,703.9,3456.61,5364.17,15338.91,201.9,0.0,0.0,0.0,0.0,0.0,0.0,7088.08,1930.96,488.0,0.0,0.0,10152.99,0.0,0.0,0.0,109.9,19.9,295.49,74.8,2044.49,0.0,510.78000000000003,411.3,59.9,199.70000000000002,883.86,0.0,19.9,153.96,0.0,8761.42,271.81,109.4,8277.19,13815.87,1192.0,1341.77,12.9,179.8,124.8,5401.36,837.9,514.9,0.0,1275.0,246.42,0.0,2300.7,2472.6800000000003,0.0,3759.91,547.98,0.0,129.0,1273.4,0.0,9398.31,1678.16,0.0,2317.73,4525.8,5202.44,bed_bath_table,bed_bath_table
2017-08-21,1051,106754.08,0.0,2.0,1.0,0.0,1.0,44.0,34.0,99.0,6.0,1.0,3.0,1.0,1.0,0.0,0.0,75.0,30.0,1.0,0.0,1.0,55.0,7.0,0.0,0.0,0.0,1.0,11.0,0.0,19.0,0.0,4.0,6.0,0.0,4.0,1.0,0.0,3.0,3.0,0.0,105.0,6.0,0.0,35.0,78.0,6.0,4.0,0.0,5.0,0.0,51.0,1.0,0.0,0.0,11.0,6.0,0.0,6.0,6.0,0.0,35.0,26.0,0.0,1.0,8.0,0.0,94.0,21.0,3.0,29.0,30.0,49.0,0.0,1589.96,44.9,0.0,89.0,4140.2300000000005,3693.06,10355.06,374.52,61.0,666.9300000000001,45.0,58.9,0.0,0.0,8553.7,1981.3799999999999,79.0,0.0,8.9,8311.62,958.69,0.0,0.0,0.0,19.9,333.99,0.0,1408.69,0.0,324.69000000000005,171.39999999999998,0.0,249.6,158.0,0.0,125.39,145.19,0.0,7456.7,682.63,0.0,3901.58,9428.62,309.0,983.99,0.0,836.8,0.0,2953.03,119.0,0.0,0.0,849.9,585.86,0.0,991.7499999999999,1222.94,0.0,3376.14,3150.38,0.0,29.9,758.79,0.0,8549.44,1689.98,227.99,2131.13,3025.25,7782.32,furniture_decor,bed_bath_table
2017-08-28,1140,182007.87,4.0,4.0,1.0,0.0,0.0,23.0,38.0,90.0,10.0,1.0,3.0,0.0,0.0,0.0,44.0,59.0,30.0,2.0,1.0,0.0,46.0,2.0,0.0,0.0,0.0,1.0,14.0,1.0,17.0,0.0,1.0,2.0,1.0,2.0,2.0,0.0,0.0,4.0,1.0,98.0,3.0,1.0,66.0,90.0,17.0,2.0,2.0,9.0,0.0,78.0,0.0,2.0,1.0,11.0,3.0,0.0,11.0,17.0,0.0,27.0,25.0,0.0,0.0,6.0,0.0,90.0,10.0,1.0,37.0,40.0,66.0,88.0,1219.04,44.9,0.0,0.0,2335.67,7189.53,10623.13,839.59,61.0,207.9,0.0,0.0,0.0,51900.0,4959.77,2916.7,588.0,229.0,0.0,8326.02,91.6,0.0,0.0,0.0,19.9,525.09,47.0,1724.26,0.0,69.9,169.8,205.9,149.8,49.980000000000004,0.0,0.0,131.67000000000002,229.0,7620.66,439.88,399.99,5270.7699999999995,9208.22,2029.6000000000001,343.8,25.8,1477.3000000000002,0.0,7514.83,0.0,148.4,139.0,1400.03,389.73,0.0,4583.31,3193.93,0.0,2644.65,4110.6900000000005,0.0,0.0,1480.87,0.0,8629.2,660.8,109.0,3522.95,5295.61,14704.49,furniture_decor,computers
2017-09-04,1007,133213.91,1.0,4.0,1.0,0.0,3.0,19.0,33.0,95.0,4.0,0.0,0.0,0.0,1.0,0.0,15.0,56.0,18.0,5.0,0.0,0.0,42.0,0.0,2.0,0.0,3.0,0.0,11.0,0.0,24.0,0.0,4.0,1.0,0.0,2.0,0.0,0.0,1.0,1.0,1.0,87.0,3.0,0.0,49.0,85.0,1.0,3.0,1.0,5.0,1.0,47.0,0.0,0.0,0.0,9.0,2.0,0.0,4.0,11.0,0.0,35.0,20.0,0.0,0.0,5.0,1.0,88.0,19.0,1.0,54.0,57.0,54.0,398.0,476.15999999999997,299.99,0.0,397.99,3303.69,3906.52,9734.72,131.44,0.0,0.0,0.0,57.0,0.0,18648.98,5930.51,1356.26,887.7,0.0,0.0,6698.28,0.0,896.9,0.0,60.980000000000004,0.0,813.9,0.0,2169.37,0.0,279.6,27.9,0.0,149.8,0.0,0.0,56.97,40.5,79.9,7737.78,317.8,0.0,4568.06,12620.82,498.8,1065.8,12.9,492.95,120.0,4920.76,0.0,0.0,0.0,774.6,104.89000000000001,0.0,1312.8,1952.65,0.0,3397.96,1584.13,0.0,0.0,719.99,640.99,10445.98,1505.56,35.9,6633.04,4811.33,8824.21,bed_bath_table,computers
2017-09-11,1301,160163.88,1.0,2.0,0.0,0.0,2.0,22.0,50.0,166.0,5.0,1.0,6.0,0.0,3.0,1.0,6.0,72.0,11.0,3.0,1.0,3.0,50.0,0.0,0.0,0.0,4.0,0.0,17.0,2.0,41.0,0.0,3.0,9.0,0.0,6.0,0.0,0.0,7.0,2.0,0.0,77.0,4.0,1.0,61.0,106.0,0.0,0.0,0.0,6.0,7.0,80.0,1.0,2.0,0.0,10.0,4.0,0.0,7.0,8.0,2.0,42.0,18.0,1.0,2.0,15.0,0.0,125.0,18.0,1.0,47.0,73.0,65.0,799.99,335.9,0.0,0.0,218.9,1941.55,8016.07,15593.94,444.7,63.0,623.35,0.0,197.7,69.0,8279.95,7018.34,1245.4,142.7,229.0,307.7,8698.61,0.0,0.0,0.0,233.99,0.0,1628.8899999999999,109.8,4529.14,0.0,293.8,872.1,0.0,705.7,0.0,0.0,239.79,55.0,0.0,9280.58,245.69,86.5,7759.62,15286.97,0.0,0.0,0.0,1435.8,877.81,4835.49,109.99,235.8,0.0,1322.68,272.68,0.0,1506.5,1339.7,269.8,3814.21,1944.21,100.0,158.9,7309.19,0.0,11413.68,1358.27,99.0,5484.66,6873.14,11813.710000000001,bed_bath_table,bed_bath_table
2017-09-18,1136,129482.21,2.0,0.0,1.0,0.0,2.0,28.0,34.0,155.0,0.0,2.0,1.0,0.0,0.0,0.0,1.0,53.0,4.0,0.0,0.0,1.0,47.0,3.0,1.0,0.0,0.0,1.0,15.0,1.0,29.0,0.0,3.0,2.0,0.0,7.0,2.0,0.0,7.0,5.0,2.0,90.0,1.0,0.0,45.0,84.0,3.0,3.0,0.0,13.0,1.0,51.0,0.0,2.0,0.0,13.0,2.0,0.0,4.0,25.0,0.0,43.0,17.0,0.0,6.0,3.0,0.0,122.0,16.0,0.0,25.0,78.0,68.0,796.0,0.0,48.65,0.0,187.0,2764.41,3385.36,14589.77,0.0,166.0,269.0,0.0,0.0,0.0,1349.99,8400.86,1638.0,0.0,0.0,436.9,10121.24,179.70000000000002,19.99,0.0,0.0,19.9,859.88,198.9,2228.66,0.0,169.7,109.80000000000001,0.0,591.4,52.980000000000004,0.0,582.22,163.36,469.8,7222.79,22.5,0.0,4508.75,9826.64,209.70000000000002,562.0,0.0,1708.09,29.1,3799.42,0.0,98.39,0.0,1020.1700000000001,349.0,0.0,414.37,2863.02,0.0,3808.25,2043.35,0.0,163.5,542.78,0.0,15836.89,1268.39,0.0,2447.12,9411.59,10325.35,bed_bath_table,sports_leisure
2017-09-25,1089,145965.76,0.0,2.0,1.0,0.0,3.0,37.0,41.0,99.0,7.0,0.0,2.0,0.0,0.0,0.0,5.0,60.0,22.0,2.0,0.0,2.0,57.0,2.0,0.0,0.0,1.0,0.0,19.0,0.0,23.0,1.0,6.0,2.0,5.0,3.0,9.0,0.0,4.0,1.0,1.0,63.0,2.0,0.0,59.0,80.0,2.0,0.0,0.0,6.0,2.0,52.0,1.0,0.0,0.0,7.0,1.0,0.0,9.0,11.0,0.0,38.0,13.0,0.0,2.0,6.0,0.0,101.0,25.0,1.0,36.0,87.0,56.0,0.0,918.99,39.9,0.0,238.70000000000002,6932.53,5445.02,10367.34,288.2,0.0,144.0,0.0,0.0,0.0,7999.95,6294.6,3593.57,59.8,0.0,520.8299999999999,8678.16,58.9,0.0,0.0,33.0,0.0,707.59,0.0,2239.45,89.99,434.40000000000003,169.8,384.6,342.8,13589.95,0.0,320.81,52.0,159.9,4655.85,509.89,0.0,6465.46,11304.66,164.89000000000001,0.0,0.0,645.8,330.9,4973.21,109.99,0.0,0.0,481.2,59.9,0.0,3463.3999999999996,1781.7,0.0,3438.67,861.44,0.0,232.0,1981.7,0.0,9516.09,2294.19,99.0,2496.51,9384.210000000001,10127.19,sports_leisure,fixed_telephony
2017-10-02,1134,143598.14,1.0,4.0,2.0,0.0,5.0,33.0,32.0,97.0,1.0,0.0,1.0,0.0,2.0,0.0,6.0,65.0,14.0,5.0,0.0,7.0,51.0,2.0,2.0,0.0,1.0,1.0,8.0,0.0,24.0,1.0,4.0,1.0,0.0,1.0,2.0,0.0,5.0,5.0,2.0,68.0,5.0,0.0,80.0,75.0,2.0,1.0,0.0,6.0,5.0,48.0,1.0,5.0,1.0,16.0,1.0,0.0,2.0,19.0,0.0,33.0,20.0,0.0,3.0,6.0,0.0,117.0,18.0,1.0,48.0,89.0,55.0,35.0,890.52,229.05,0.0,253.5,5797.09,3569.7200000000003,7773.14,108.9,0.0,49.0,0.0,125.58000000000001,0.0,10999.94,8726.26,791.26,464.3,0.0,818.26,8603.94,79.8,758.9,0.0,65.0,24.9,286.38,0.0,1288.72,39.99,397.6,199.7,0.0,49.9,1191.89,0.0,284.85,216.6,433.9,5820.75,319.68,0.0,8286.96,9159.11,144.8,599.5,0.0,1205.8,690.1300000000001,3330.86,1699.99,331.8,137.0,1720.68,62.8,0.0,104.89000000000001,3229.5,0.0,3003.88,3287.7,0.0,348.0,1272.6000000000001,0.0,13565.960000000001,1661.92,99.0,4330.02,9953.01,11276.2,sports_leisure,sports_leisure
2017-10-09,1195,155074.38,1.0,4.0,1.0,0.0,8.0,41.0,39.0,121.0,2.0,0.0,0.0,0.0,2.0,0.0,6.0,74.0,28.0,7.0,1.0,0.0,62.0,1.0,2.0,0.0,2.0,2.0,10.0,0.0,28.0,0.0,4.0,3.0,1.0,0.0,2.0,0.0,1.0,2.0,1.0,77.0,5.0,0.0,46.0,69.0,2.0,2.0,0.0,9.0,7.0,63.0,2.0,0.0,0.0,11.0,5.0,0.0,4.0,21.0,1.0,44.0,14.0,0.0,1.0,11.0,0.0,105.0,16.0,0.0,61.0,73.0,66.0,22.0,1144.9,120.0,0.0,648.39,5412.45,3544.04,9972.18,61.8,0.0,0.0,0.0,76.83,0.0,8673.99,10490.8,2906.4,1609.69,250.0,0.0,10297.76,53.9,229.8,0.0,66.0,129.8,783.1,0.0,3125.36,0.0,497.20000000000005,289.20000000000005,59.9,0.0,2179.99,0.0,56.97,121.99,510.0,6862.89,658.7,0.0,3576.31,8137.8099999999995,812.4,928.89,0.0,844.5,1862.1799999999998,3257.57,448.9,0.0,0.0,1329.2,429.91999999999996,0.0,744.7,3725.46,67.9,3849.69,1601.26,0.0,146.0,2162.58,0.0,10366.19,1253.27,0.0,5351.71,9461.94,16028.4,bed_bath_table,watches_gifts
2017-10-16,1340,164132.89,1.0,4.0,0.0,0.0,9.0,38.0,35.0,142.0,2.0,0.0,1.0,0.0,1.0,1.0,3.0,73.0,28.0,1.0,0.0,3.0,63.0,3.0,1.0,0.0,5.0,0.0,16.0,0.0,27.0,0.0,0.0,9.0,0.0,0.0,3.0,0.0,1.0,6.0,0.0,100.0,8.0,0.0,57.0,108.0,3.0,3.0,2.0,9.0,2.0,62.0,1.0,4.0,0.0,14.0,1.0,1.0,16.0,21.0,0.0,48.0,20.0,0.0,4.0,7.0,0.0,111.0,24.0,0.0,75.0,54.0,100.0,849.98,527.0,0.0,0.0,738.2,5999.51,4743.83,11630.86,223.9,0.0,70.0,0.0,59.9,69.0,3604.0,8335.13,4135.73,74.69,0.0,509.8,11467.22,87.6,29.9,0.0,261.0,0.0,1323.38,0.0,1888.85,0.0,0.0,900.8,0.0,0.0,380.0,0.0,56.97,1293.3600000000001,0.0,8422.56,474.51,0.0,4309.4,14594.54,863.89,826.98,25.8,1021.6,587.3199999999999,4708.79,27.9,841.0,0.0,1613.69,109.9,54.9,3420.77,4113.57,0.0,3676.44,1377.28,0.0,18.0,1412.88,0.0,12362.06,1908.79,0.0,6820.59,7115.85,21440.34,bed_bath_table,watches_gifts
2017-10-23,1145,138558.52,2.0,0.0,0.0,0.0,8.0,28.0,20.0,132.0,0.0,0.0,2.0,1.0,1.0,0.0,6.0,74.0,26.0,0.0,0.0,1.0,57.0,3.0,0.0,0.0,2.0,2.0,13.0,0.0,28.0,0.0,0.0,2.0,0.0,1.0,0.0,0.0,7.0,4.0,0.0,97.0,1.0,0.0,62.0,86.0,1.0,3.0,3.0,0.0,4.0,46.0,0.0,6.0,0.0,13.0,4.0,0.0,4.0,29.0,1.0,45.0,14.0,0.0,1.0,6.0,0.0,88.0,26.0,0.0,50.0,51.0,72.0,2443.3,0.0,0.0,0.0,611.6,2901.85,2746.8900000000003,11441.1,0.0,0.0,457.0,45.0,55.9,0.0,8428.0,11256.56,2029.79,0.0,0.0,199.9,10702.61,525.6,0.0,0.0,60.49,39.8,351.08,0.0,1508.25,0.0,0.0,271.52,0.0,27.9,0.0,0.0,143.42999999999998,665.28,0.0,6130.33,79.9,0.0,5332.46,8372.67,129.99,288.8,38.7,0.0,1061.54,3424.26,0.0,2115.9,0.0,1232.17,416.92,0.0,2565.9,4830.49,69.9,4784.85,1350.79,0.0,116.0,1187.8899999999999,0.0,8513.63,1917.06,0.0,4276.13,5770.02,12961.4,bed_bath_table,watches_gifts
2017-10-30,1101,144022.13,0.0,2.0,0.0,0.0,4.0,23.0,31.0,126.0,5.0,2.0,1.0,2.0,7.0,0.0,10.0,68.0,29.0,7.0,2.0,3.0,59.0,1.0,3.0,0.0,2.0,1.0,22.0,0.0,17.0,0.0,8.0,6.0,0.0,1.0,0.0,0.0,1.0,7.0,1.0,72.0,4.0,0.0,71.0,64.0,0.0,2.0,0.0,8.0,1.0,52.0,1.0,2.0,0.0,12.0,4.0,0.0,4.0,35.0,0.0,31.0,8.0,0.0,0.0,3.0,0.0,103.0,25.0,1.0,43.0,36.0,60.0,0.0,175.9,0.0,0.0,193.58,4386.06,3751.2000000000003,11561.39,333.7,170.0,269.0,130.0,128.74,0.0,14176.0,8665.52,2804.74,806.5,500.0,319.7,11574.72,44.9,89.69999999999999,0.0,144.49,19.9,1583.37,0.0,784.1899999999999,0.0,661.5,396.5,0.0,110.0,0.0,0.0,56.97,840.08,250.0,5796.79,335.79,0.0,6704.24,7192.59,0.0,718.9,0.0,1267.4,65.9,4447.35,79.9,367.9,0.0,1227.48,461.69,0.0,1852.8200000000002,5264.51,0.0,2846.62,1453.66,0.0,0.0,436.4,0.0,12613.76,2549.11,89.9,3968.27,5537.4800000000005,13246.58,bed_bath_table,computers
2017-11-06,1362,160327.02,2.0,3.0,0.0,0.0,7.0,46.0,37.0,155.0,4.0,0.0,0.0,0.0,6.0,0.0,2.0,88.0,15.0,5.0,1.0,3.0,64.0,3.0,0.0,0.0,1.0,0.0,26.0,0.0,28.0,0.0,1.0,2.0,0.0,1.0,0.0,3.0,5.0,0.0,1.0,115.0,3.0,0.0,74.0,87.0,1.0,1.0,1.0,3.0,3.0,62.0,4.0,8.0,0.0,15.0,1.0,0.0,15.0,18.0,0.0,36.0,19.0,0.0,4.0,3.0,0.0,103.0,35.0,0.0,68.0,58.0,98.0,1334.99,569.79,0.0,0.0,734.76,4494.6900000000005,3659.51,13933.550000000001,233.7,0.0,0.0,0.0,353.56,0.0,2680.0,11217.43,1249.24,257.7,250.0,611.7,12372.710000000001,125.60000000000001,0.0,0.0,38.49,0.0,964.07,0.0,1464.98,0.0,24.9,221.9,0.0,59.9,0.0,88.3,239.41,0.0,510.0,8526.64,781.88,0.0,8668.06,9947.01,41.29,59.99,12.9,478.8,233.9,5065.32,1244.79,1096.69,0.0,1772.28,119.9,0.0,1530.6,3452.69,0.0,3973.13,2060.1,0.0,559.0,718.49,0.0,11938.89,4023.38,0.0,4497.35,6707.06,21114.63,bed_bath_table,watches_gifts
2017-11-13,1502,175819.69,4.0,6.0,0.0,0.0,6.0,43.0,50.0,137.0,7.0,1.0,0.0,1.0,6.0,0.0,0.0,99.0,14.0,11.0,2.0,3.0,57.0,7.0,0.0,0.0,12.0,0.0,25.0,1.0,35.0,0.0,1.0,2.0,1.0,2.0,0.0,3.0,1.0,6.0,1.0,145.0,3.0,1.0,85.0,88.0,1.0,4.0,0.0,6.0,8.0,73.0,1.0,4.0,0.0,21.0,4.0,0.0,5.0,30.0,2.0,58.0,18.0,0.0,0.0,6.0,0.0,98.0,42.0,1.0,56.0,75.0,94.0,1610.0,1026.88,0.0,0.0,977.4,4925.57,4812.94,13925.24,761.78,77.0,0.0,65.0,481.26,0.0,0.0,12729.21,1272.76,1712.5,49.98,1357.7900000000002,10555.05,294.6,0.0,0.0,371.16,0.0,1230.03,19.9,2953.91,0.0,40.9,154.8,59.9,338.0,0.0,99.5,23.99,332.78999999999996,204.0,11068.82,357.88,85.0,8978.05,13302.78,23.89,2011.3,0.0,402.6,1428.74,6101.04,699.99,216.7,0.0,3350.67,79.89,0.0,1717.9,5457.93,279.5,5518.7,2309.42,0.0,0.0,1627.29,0.0,10665.3,3862.46,14.9,3337.14,11610.1,14533.54,furniture_decor,watches_gifts
2017-11-20,3497,407169.06,11.0,5.0,0.0,0.0,14.0,103.0,69.0,438.0,13.0,1.0,4.0,0.0,5.0,1.0,0.0,202.0,70.0,19.0,4.0,5.0,94.0,4.0,0.0,0.0,4.0,0.0,63.0,1.0,92.0,0.0,2.0,10.0,0.0,1.0,4.0,0.0,8.0,13.0,1.0,356.0,15.0,0.0,268.0,242.0,10.0,4.0,2.0,18.0,19.0,173.0,0.0,16.0,0.0,19.0,6.0,0.0,19.0,14.0,1.0,131.0,36.0,0.0,0.0,17.0,0.0,227.0,52.0,4.0,160.0,209.0,167.0,10549.6,1912.1,0.0,0.0,1240.99,13557.26,8895.65,39577.05,789.89,77.0,597.0,0.0,352.3,242.0,0.0,31202.31,6584.64,3163.4,1000.0,999.5,19541.0,696.5,0.0,0.0,277.47,0.0,4178.85,29.99,6025.56,0.0,108.9,1078.6,0.0,152.0,853.98,0.0,190.82,514.3000000000001,159.0,27380.74,3068.94,0.0,16656.64,36481.58,2844.23,1771.3,25.8,1769.4,1949.69,14590.72,0.0,2533.1,0.0,1715.73,514.5,0.0,8706.779999999999,2931.44,19.99,15097.9,3254.8,0.0,0.0,3548.26,0.0,22236.63,4860.6900000000005,245.60000000000002,10921.6,25912.49,39727.38,bed_bath_table,watches_gifts
2017-11-27,2374,267420.66,3.0,4.0,1.0,0.0,7.0,81.0,42.0,237.0,13.0,0.0,3.0,0.0,6.0,0.0,0.0,141.0,26.0,17.0,2.0,2.0,72.0,2.0,3.0,0.0,5.0,2.0,84.0,1.0,50.0,0.0,3.0,4.0,0.0,7.0,2.0,1.0,4.0,9.0,0.0,178.0,22.0,2.0,97.0,188.0,18.0,4.0,0.0,16.0,13.0,114.0,2.0,6.0,1.0,11.0,1.0,0.0,11.0,22.0,1.0,96.0,32.0,0.0,1.0,10.0,0.0,181.0,57.0,1.0,99.0,212.0,117.0,862.9,561.85,75.0,0.0,627.29,12255.44,4879.65,21848.030000000002,799.39,0.0,309.84,0.0,94.56,0.0,0.0,17393.38,2376.09,2939.16,649.5,229.9,9074.0,56.9,209.7,0.0,747.98,59.89,4207.86,29.99,3179.53,0.0,240.79000000000002,182.39999999999998,0.0,721.6,713.99,59.9,232.73000000000002,784.38,0.0,17038.55,2852.8199999999997,334.0,8017.71,22386.92,1914.13,722.4300000000001,0.0,2345.49,2720.19,8522.11,129.99,1521.9,137.0,1094.0800000000002,180.0,0.0,5105.7,3175.48,571.2,8285.81,3456.68,0.0,37.79,2488.77,0.0,19117.49,6219.71,69.9,8146.16,26098.93,25939.9,bed_bath_table,toys
2017-12-04,1875,222805.7,4.0,2.0,1.0,0.0,1.0,89.0,50.0,137.0,12.0,1.0,2.0,0.0,4.0,0.0,6.0,89.0,17.0,6.0,1.0,2.0,91.0,3.0,0.0,2.0,6.0,0.0,64.0,0.0,31.0,0.0,2.0,1.0,0.0,4.0,1.0,1.0,4.0,9.0,0.0,109.0,6.0,1.0,107.0,139.0,7.0,3.0,0.0,3.0,11.0,88.0,1.0,4.0,0.0,20.0,5.0,0.0,11.0,21.0,1.0,75.0,22.0,0.0,0.0,10.0,0.0,161.0,52.0,3.0,75.0,172.0,80.0,1193.9,498.9,49.9,0.0,49.9,12314.32,4911.860000000001,12859.95,565.1,77.0,257.8,0.0,92.82000000000001,0.0,3594.0,9414.36,3178.45,2080.9,88.0,599.9300000000001,16230.45,723.5,0.0,76.0,263.46,0.0,2586.53,0.0,2681.75,0.0,108.4,84.9,0.0,314.7,199.9,22.8,359.70000000000005,576.1,0.0,8910.13,693.49,249.0,9743.37,18466.34,493.13,623.79,0.0,797.9,1152.9,7212.87,745.0,1067.9,0.0,2974.01,143.62,0.0,1660.58,2508.76,257.6,8855.93,1935.55,0.0,0.0,4143.59,0.0,18375.29,6066.9,209.70000000000002,4867.91,21016.59,18006.2,toys,toys
2017-12-11,1571,189337.5,0.0,0.0,1.0,0.0,8.0,86.0,34.0,125.0,10.0,1.0,1.0,0.0,3.0,0.0,8.0,56.0,30.0,8.0,0.0,1.0,64.0,0.0,3.0,0.0,8.0,1.0,51.0,0.0,35.0,0.0,1.0,6.0,1.0,3.0,1.0,0.0,1.0,8.0,0.0,95.0,5.0,2.0,78.0,118.0,0.0,2.0,0.0,5.0,13.0,71.0,3.0,3.0,0.0,6.0,3.0,0.0,13.0,13.0,1.0,69.0,18.0,0.0,1.0,7.0,0.0,130.0,62.0,2.0,54.0,108.0,108.0,0.0,0.0,5.35,0.0,541.38,11544.19,5843.3,10748.67,561.8,77.0,274.95,0.0,102.25999999999999,0.0,7756.0,10264.64,2550.95,508.75,0.0,379.94,8507.63,0.0,259.7,0.0,367.92,119.9,1888.96,0.0,2995.96,0.0,49.99,397.0,59.9,324.9,64.98,0.0,149.3,355.0,0.0,7456.4,328.19,129.7,7334.4,19111.85,0.0,349.98,0.0,696.7,2675.55,5761.49,427.8,743.88,0.0,923.46,155.1,0.0,3021.07,2228.12,257.6,8322.94,2072.95,0.0,100.0,1598.29,0.0,16706.66,6426.83,139.8,2398.5299999999997,12841.710000000001,17967.91,sports_leisure,health_beauty
2017-12-18,1094,129878.21,3.0,0.0,1.0,0.0,4.0,46.0,29.0,107.0,9.0,1.0,0.0,1.0,5.0,0.0,3.0,68.0,16.0,2.0,0.0,3.0,32.0,3.0,0.0,0.0,10.0,0.0,37.0,0.0,21.0,0.0,1.0,3.0,0.0,2.0,1.0,0.0,3.0,1.0,0.0,66.0,1.0,4.0,47.0,81.0,1.0,2.0,0.0,1.0,4.0,64.0,2.0,7.0,0.0,4.0,5.0,0.0,7.0,4.0,0.0,36.0,10.0,0.0,0.0,4.0,0.0,87.0,54.0,0.0,52.0,43.0,71.0,3019.0,0.0,60.0,0.0,743.89,8772.33,5205.56,9968.42,516.5,77.0,0.0,65.0,177.9,0.0,1797.0,10165.86,1659.6399999999999,163.8,0.0,205.05,5035.45,205.4,0.0,0.0,418.54,0.0,1757.38,0.0,1467.3799999999999,0.0,292.5,275.7,0.0,211.9,70.0,0.0,76.79,40.8,0.0,6956.25,109.97,340.0,4521.15,8354.01,149.99,746.4,0.0,86.9,631.15,5813.09,259.8,1028.76,0.0,473.79,284.63,0.0,2758.25,488.86,0.0,3887.45,967.59,0.0,0.0,2046.5,0.0,10404.81,5067.58,0.0,1783.78,6603.0,11490.94,bed_bath_table,watches_gifts
2017-12-25,960,101439.8,3.0,0.0,0.0,0.0,4.0,20.0,14.0,99.0,9.0,0.0,0.0,0.0,4.0,0.0,6.0,38.0,22.0,5.0,1.0,0.0,38.0,0.0,2.0,0.0,7.0,0.0,36.0,0.0,28.0,0.0,0.0,2.0,0.0,3.0,1.0,0.0,5.0,2.0,1.0,66.0,0.0,0.0,72.0,59.0,3.0,0.0,0.0,1.0,5.0,34.0,3.0,4.0,0.0,13.0,1.0,0.0,6.0,4.0,0.0,32.0,13.0,0.0,1.0,2.0,0.0,51.0,49.0,0.0,57.0,37.0,54.0,653.8,0.0,0.0,0.0,1351.76,2516.34,1271.32,8722.86,660.1,0.0,0.0,0.0,120.92,0.0,3594.0,4248.38,733.17,1618.7,88.0,0.0,5428.87,0.0,59.8,0.0,396.43,0.0,828.18,0.0,1954.98,0.0,0.0,284.6,0.0,271.7,39.9,0.0,262.4,100.8,185.0,4488.18,0.0,0.0,4782.87,6056.6,380.28,0.0,0.0,86.9,814.0,4200.05,395.9,847.76,0.0,1600.26,119.9,0.0,979.7,984.6899999999999,0.0,3896.75,1307.8600000000001,0.0,670.0,561.9,0.0,6465.41,4615.35,0.0,2119.7799999999997,5916.9400000000005,9593.32,bed_bath_table,watches_gifts
2018-01-01,1561,183752.44,4.0,2.0,3.0,0.0,2.0,54.0,47.0,160.0,9.0,0.0,1.0,0.0,2.0,1.0,5.0,84.0,18.0,13.0,0.0,0.0,63.0,5.0,0.0,0.0,16.0,1.0,84.0,0.0,29.0,0.0,3.0,0.0,1.0,1.0,2.0,2.0,3.0,3.0,2.0,144.0,2.0,1.0,37.0,110.0,5.0,3.0,0.0,5.0,4.0,57.0,6.0,4.0,1.0,13.0,2.0,0.0,12.0,22.0,0.0,40.0,22.0,0.0,2.0,14.0,0.0,99.0,109.0,0.0,65.0,44.0,70.0,2378.0,448.9,389.97,0.0,830.9,7488.97,6288.5599999999995,15117.44,379.7,0.0,274.95,0.0,139.8,99.99,2995.0,12894.89,1789.87,3143.58,0.0,0.0,8940.7,565.4,0.0,0.0,763.86,24.9,5004.42,0.0,1860.88,0.0,299.70000000000005,0.0,59.9,59.9,1788.99,33.2,161.29,53.97,370.0,13225.42,164.96,75.0,3533.79,11415.71,215.39000000000001,3201.9,0.0,1406.8,897.0,5720.86,526.1,1267.9,112.0,2023.63,55.86,0.0,2326.4,3422.7799999999997,0.0,3065.52,3165.74,0.0,118.89,4191.55,0.0,11225.62,11956.36,0.0,2317.38,6542.17,12388.39,bed_bath_table,bed_bath_table
2018-01-08,2004,237543.18,4.0,5.0,2.0,0.0,6.0,49.0,62.0,192.0,15.0,2.0,1.0,0.0,2.0,0.0,5.0,178.0,14.0,8.0,2.0,6.0,78.0,8.0,2.0,0.0,18.0,0.0,80.0,0.0,32.0,0.0,1.0,1.0,1.0,3.0,2.0,4.0,4.0,3.0,2.0,153.0,6.0,3.0,60.0,155.0,9.0,3.0,0.0,4.0,13.0,83.0,6.0,3.0,0.0,28.0,3.0,1.0,17.0,33.0,0.0,52.0,27.0,0.0,1.0,11.0,1.0,162.0,134.0,1.0,83.0,40.0,79.0,1657.44,1693.7,279.98,0.0,595.8,7332.3,8826.26,19304.420000000002,788.1,234.0,56.0,0.0,202.10000000000002,0.0,2995.0,22769.64,1845.1,1171.7800000000002,500.0,760.25,8953.35,832.9,75.8,0.0,700.23,0.0,3265.06,0.0,1642.1299999999999,0.0,147.5,56.8,59.9,274.8,105.9,155.4,106.93,92.3,364.9,12684.69,512.86,225.0,4925.33,16980.61,506.99,974.8,0.0,607.89,2908.98,9941.8,620.3,496.8,0.0,3990.83,113.84,24.97,4426.29,5239.42,0.0,4472.5,3648.92,0.0,59.9,3618.32,369.99,24354.62,14154.14,54.9,3044.91,6660.34,18837.79,bed_bath_table,sports_leisure
2018-01-15,1960,222597.75,6.0,7.0,9.0,0.0,6.0,81.0,46.0,181.0,8.0,2.0,3.0,0.0,1.0,1.0,1.0,150.0,14.0,9.0,4.0,2.0,83.0,7.0,1.0,0.0,2.0,0.0,87.0,1.0,33.0,0.0,0.0,3.0,0.0,2.0,5.0,4.0,3.0,3.0,1.0,175.0,7.0,4.0,52.0,159.0,9.0,1.0,0.0,4.0,10.0,85.0,3.0,3.0,0.0,44.0,5.0,0.0,7.0,33.0,1.0,49.0,19.0,0.0,4.0,9.0,0.0,155.0,78.0,1.0,92.0,35.0,78.0,916.0,938.69,1168.8200000000002,0.0,675.6,10677.28,6715.22,14362.09,356.8,147.0,139.35000000000002,0.0,79.9,99.99,670.0,17879.21,3681.66,1517.8899999999999,1834.99,549.84,9892.66,1855.0,189.9,0.0,66.98,0.0,4415.86,65.9,1977.8600000000001,0.0,0.0,240.4,0.0,310.0,533.91,96.0,123.72,84.2,179.9,15805.57,762.5500000000001,485.5,5340.53,16567.79,540.65,626.0,0.0,420.69000000000005,605.25,10051.42,1188.9,589.0,0.0,7803.35,221.19,0.0,3453.4900000000002,4559.63,67.9,4979.15,1818.63,0.0,770.0,1533.21,0.0,23842.36,8015.98,54.9,3689.84,4982.51,14005.31,bed_bath_table,sports_leisure
2018-01-22,1797,213345.23,2.0,11.0,2.0,0.0,8.0,53.0,58.0,202.0,11.0,0.0,6.0,0.0,2.0,0.0,1.0,177.0,7.0,9.0,0.0,2.0,56.0,4.0,3.0,5.0,8.0,0.0,65.0,1.0,21.0,0.0,1.0,2.0,0.0,0.0,1.0,0.0,9.0,2.0,0.0,106.0,4.0,1.0,67.0,151.0,3.0,2.0,0.0,4.0,13.0,89.0,4.0,6.0,0.0,30.0,1.0,0.0,14.0,44.0,1.0,65.0,17.0,0.0,1.0,14.0,0.0,135.0,54.0,1.0,84.0,34.0,90.0,78.0,1291.65,149.0,0.0,1404.68,6312.45,6652.98,17504.07,579.65,0.0,358.45,0.0,159.8,0.0,790.0,17710.33,845.45,2635.24,0.0,898.9,9061.81,674.6800000000001,209.7,125.0,482.96000000000004,0.0,2146.55,29.99,1765.56,0.0,43.5,114.80000000000001,0.0,0.0,15.3,0.0,448.57,110.7,0.0,10757.65,557.87,75.0,11119.09,20535.8,344.64,1091.9,0.0,424.78999999999996,684.1,8109.59,1326.7,966.9,0.0,3776.23,27.93,0.0,4823.5,5156.84,67.9,5434.48,1631.0900000000001,0.0,100.0,4715.68,0.0,21279.53,5432.63,52.0,4163.34,2881.54,21514.36,bed_bath_table,watches_gifts
2018-01-29,1841,198323.96,6.0,5.0,3.0,0.0,8.0,74.0,23.0,207.0,6.0,3.0,11.0,0.0,6.0,0.0,0.0,218.0,7.0,21.0,2.0,3.0,40.0,4.0,5.0,0.0,11.0,1.0,89.0,1.0,21.0,0.0,1.0,3.0,0.0,2.0,2.0,1.0,10.0,1.0,0.0,79.0,7.0,0.0,60.0,135.0,9.0,6.0,0.0,2.0,6.0,86.0,6.0,11.0,0.0,18.0,4.0,0.0,12.0,41.0,0.0,56.0,16.0,0.0,0.0,14.0,0.0,178.0,48.0,2.0,93.0,30.0,99.0,1702.5,500.8,553.0,0.0,1141.09,9602.14,2624.94,17457.260000000002,161.64999999999998,285.0,703.49,0.0,509.6,0.0,0.0,23162.04,1131.57,1961.86,355.0,1698.6299999999999,5900.75,277.96999999999997,268.7,0.0,408.05,24.9,4574.28,65.9,1140.8899999999999,0.0,59.9,254.70000000000002,0.0,109.8,61.8,17.6,454.95,53.4,0.0,7333.320000000001,691.6600000000001,0.0,4989.9,18759.34,762.47,4019.49,0.0,246.89000000000001,2072.27,8892.91,1352.6,3456.48,0.0,2279.87,464.9,0.0,1342.3899999999999,5336.66,0.0,4675.92,1751.8700000000001,0.0,0.0,1862.59,0.0,19589.27,3576.54,109.8,3009.77,2777.71,18573.17,computers_accessories,computers_accessories
2018-02-05,1762,204597.39,9.0,1.0,7.0,0.0,2.0,52.0,42.0,200.0,7.0,0.0,3.0,0.0,10.0,0.0,0.0,210.0,10.0,20.0,1.0,2.0,37.0,7.0,0.0,0.0,5.0,1.0,76.0,0.0,27.0,0.0,0.0,4.0,0.0,3.0,6.0,2.0,3.0,8.0,1.0,70.0,3.0,2.0,82.0,149.0,9.0,4.0,0.0,7.0,7.0,79.0,6.0,5.0,0.0,15.0,15.0,0.0,7.0,27.0,0.0,51.0,22.0,0.0,3.0,5.0,2.0,163.0,38.0,2.0,97.0,33.0,73.0,1958.8,189.9,723.85,0.0,39.8,10436.67,4117.67,16477.06,307.9,0.0,196.9,0.0,881.3000000000001,0.0,0.0,21504.89,3044.75,2187.81,120.0,3298.9,6334.22,805.2900000000001,0.0,0.0,812.96,24.9,3177.54,0.0,2715.77,0.0,0.0,204.1,0.0,149.7,4269.99,90.89,141.84,282.46999999999997,199.0,6629.64,299.97,150.0,6119.18,18710.82,1537.99,4099.99,0.0,1123.6,736.0,7730.29,501.9,1006.78,0.0,1751.0600000000002,1028.67,0.0,2359.6,4407.24,0.0,5674.49,2082.88,0.0,168.99,727.88,774.9,22076.29,3473.07,106.9,4678.76,3192.8,15212.0,computers_accessories,sports_leisure
2018-02-12,1877,192748.81,3.0,4.0,2.0,0.0,1.0,96.0,44.0,182.0,9.0,1.0,7.0,0.0,9.0,1.0,0.0,206.0,15.0,8.0,4.0,1.0,52.0,6.0,1.0,0.0,13.0,0.0,80.0,1.0,23.0,0.0,0.0,1.0,0.0,1.0,2.0,1.0,7.0,3.0,2.0,122.0,6.0,0.0,92.0,171.0,8.0,7.0,0.0,5.0,6.0,105.0,11.0,0.0,0.0,16.0,6.0,1.0,13.0,7.0,0.0,54.0,31.0,0.0,6.0,6.0,1.0,148.0,26.0,5.0,91.0,36.0,69.0,1373.0,637.6999999999999,145.99,0.0,590.0,9907.19,5864.52,15518.81,627.6,165.0,342.97,0.0,818.6,97.99,0.0,22267.91,2934.28,1141.8,327.96999999999997,399.93,9576.050000000001,220.2,29.9,0.0,627.88,0.0,3420.83,29.99,1395.05,0.0,0.0,87.5,0.0,59.9,306.99,25.99,330.77,154.8,298.9,10585.14,742.17,0.0,8938.61,21549.61,431.55,1939.89,0.0,642.69,949.4,8059.4,1001.99,0.0,0.0,1754.05,565.63,24.97,2238.05,2075.7,0.0,5988.84,2462.32,0.0,308.8,513.8,750.0,17498.87,2239.84,268.78,3229.14,3466.63,10638.86,computers_accessories,computers_accessories
2018-02-19,2020,211771.58,4.0,4.0,3.0,0.0,4.0,89.0,52.0,144.0,6.0,1.0,5.0,0.0,2.0,1.0,0.0,301.0,14.0,17.0,7.0,1.0,61.0,2.0,8.0,4.0,9.0,0.0,85.0,0.0,34.0,0.0,2.0,5.0,0.0,2.0,1.0,0.0,10.0,8.0,1.0,131.0,6.0,4.0,42.0,177.0,15.0,4.0,3.0,6.0,9.0,117.0,12.0,6.0,0.0,10.0,6.0,1.0,10.0,16.0,0.0,48.0,24.0,0.0,4.0,6.0,1.0,172.0,41.0,3.0,99.0,34.0,100.0,1347.5,1013.89,270.88,0.0,823.0,11450.18,5409.46,14698.300000000001,609.9,77.0,234.75,0.0,120.05,130.0,0.0,30375.37,4120.25,3678.9900000000002,339.93,390.19,9029.89,217.8,1076.5,100.0,319.64,0.0,3386.91,0.0,2547.4500000000003,0.0,237.19,584.2,0.0,109.8,1399.99,0.0,426.18,447.2,179.0,12242.57,2328.99,239.4,4057.92,18615.14,2469.42,1107.97,38.7,985.77,1465.29,10266.03,1219.7,1251.9,0.0,1784.6499999999999,261.62,220.0,2974.79,2803.52,0.0,3631.31,2422.06,0.0,64.0,899.24,750.0,15688.17,2363.1,156.0,3833.2799999999997,2528.59,17423.2,computers_accessories,computers_accessories
2018-02-26,2157,259793.57,9.0,4.0,1.0,0.0,7.0,76.0,51.0,170.0,12.0,0.0,8.0,0.0,5.0,0.0,0.0,289.0,17.0,28.0,5.0,5.0,52.0,4.0,0.0,0.0,4.0,0.0,71.0,0.0,37.0,0.0,1.0,2.0,0.0,2.0,1.0,0.0,12.0,11.0,5.0,152.0,12.0,1.0,77.0,193.0,14.0,4.0,0.0,4.0,19.0,101.0,4.0,4.0,0.0,7.0,3.0,0.0,9.0,64.0,4.0,62.0,35.0,0.0,2.0,12.0,2.0,187.0,52.0,2.0,67.0,52.0,99.0,1901.5,657.1999999999999,110.99,0.0,1072.9,8655.85,14862.48,15609.02,476.8,0.0,365.8,0.0,248.33,0.0,0.0,27811.27,2188.27,4697.27,775.9,516.86,7641.35,551.1899999999999,0.0,0.0,224.98000000000002,0.0,2655.33,0.0,5412.91,0.0,150.9,357.6,0.0,139.7,99.9,0.0,663.38,614.7,620.9,13177.960000000001,1791.54,110.0,9632.4,32174.86,784.94,566.99,0.0,347.6,1497.94,10144.39,815.4,931.9,0.0,684.09,530.79,0.0,802.5,10129.46,463.7,6325.52,3552.2400000000002,0.0,174.0,3271.33,1500.0,21533.32,3485.12,106.98,3113.32,6377.92,22825.88,computers_accessories,health_beauty
2018-03-05,1865,227721.12,5.0,3.0,1.0,0.0,5.0,65.0,37.0,160.0,3.0,0.0,5.0,0.0,1.0,0.0,0.0,176.0,16.0,8.0,3.0,3.0,60.0,11.0,0.0,0.0,6.0,0.0,59.0,0.0,28.0,1.0,0.0,3.0,0.0,3.0,2.0,0.0,7.0,4.0,2.0,156.0,3.0,1.0,59.0,171.0,17.0,1.0,1.0,4.0,5.0,102.0,6.0,1.0,0.0,15.0,4.0,0.0,11.0,56.0,1.0,49.0,14.0,0.0,4.0,10.0,1.0,184.0,39.0,0.0,73.0,49.0,105.0,1293.0,443.9,125.0,0.0,1057.95,9461.36,5158.41,13595.62,174.85,0.0,436.84999999999997,0.0,79.9,0.0,0.0,20702.22,2786.0699999999997,668.44,376.8,920.88,9277.5,1263.84,0.0,0.0,342.45000000000005,0.0,2405.24,0.0,1434.77,39.99,0.0,299.5,0.0,169.7,169.0,0.0,291.96,147.6,410.0,14659.83,668.89,110.0,5745.97,26836.47,3050.09,380.0,34.99,347.6,941.2,10931.92,615.0,44.88,0.0,1851.1499999999999,414.70000000000005,0.0,2425.59,8933.68,219.0,4648.37,1067.88,0.0,375.09999999999997,3843.77,214.9,24923.75,3265.59,0.0,4926.32,4964.03,22828.19,sports_leisure,health_beauty
2018-03-12,1804,218589.17,8.0,7.0,1.0,0.0,7.0,84.0,60.0,175.0,16.0,2.0,2.0,0.0,0.0,5.0,0.0,135.0,13.0,13.0,3.0,2.0,47.0,3.0,1.0,0.0,3.0,1.0,70.0,0.0,25.0,0.0,0.0,3.0,1.0,0.0,1.0,1.0,12.0,2.0,1.0,114.0,6.0,1.0,58.0,143.0,14.0,4.0,0.0,7.0,5.0,83.0,3.0,3.0,0.0,12.0,1.0,0.0,12.0,41.0,0.0,51.0,31.0,0.0,3.0,11.0,1.0,184.0,28.0,2.0,77.0,69.0,114.0,1772.0,831.7,89.9,0.0,2254.8,12891.09,8601.89,16496.04,909.64,154.0,102.0,0.0,0.0,453.79,0.0,17405.4,695.7,2452.77,575.9,1671.18,6787.76,356.70000000000005,29.9,0.0,134.98000000000002,24.9,4509.09,0.0,2026.07,0.0,0.0,282.3,89.9,0.0,119.9,29.89,638.44,757.0,259.0,9830.49,1133.57,110.0,4459.16,21007.82,980.59,1912.9,0.0,839.49,318.54999999999995,6205.94,287.0,1207.0,0.0,1531.33,27.93,0.0,1334.23,5719.78,0.0,5332.7,3255.38,0.0,119.9,6359.1,2899.0,19889.37,2451.41,205.8,5390.59,6232.77,23527.46,sports_leisure,watches_gifts
2018-03-19,1996,230194.8,8.0,9.0,4.0,0.0,10.0,94.0,59.0,214.0,5.0,1.0,7.0,0.0,4.0,1.0,0.0,181.0,10.0,23.0,3.0,6.0,66.0,4.0,5.0,1.0,4.0,1.0,57.0,4.0,33.0,1.0,0.0,3.0,0.0,1.0,7.0,1.0,10.0,3.0,2.0,130.0,3.0,1.0,60.0,144.0,23.0,3.0,0.0,4.0,15.0,115.0,8.0,3.0,0.0,14.0,5.0,1.0,21.0,30.0,0.0,48.0,38.0,0.0,1.0,8.0,1.0,169.0,42.0,0.0,87.0,50.0,97.0,1469.5,911.49,234.6,0.0,3430.18,10137.22,13139.06,17045.260000000002,222.3,105.0,274.77,0.0,435.20000000000005,169.0,0.0,20288.78,1774.4,2262.7,750.0,174.0,10324.25,104.69,475.8,38.0,119.98,24.9,2937.77,119.96,2548.63,39.99,0.0,171.7,0.0,59.9,1170.9,29.89,403.96,809.8,199.8,11044.93,289.76,110.0,6724.610000000001,16464.88,4022.94,1032.4,0.0,498.70000000000005,1779.83,8939.07,872.45,303.9,0.0,1498.21,388.6,24.97,3579.13,4515.96,0.0,4554.82,4841.84,0.0,358.0,2015.8,750.0,16848.49,3042.78,0.0,9438.46,5807.6,24208.76,bed_bath_table,watches_gifts
2018-03-26,1685,205840.17,5.0,4.0,1.0,0.0,10.0,76.0,47.0,168.0,7.0,0.0,2.0,0.0,3.0,1.0,0.0,157.0,10.0,14.0,3.0,8.0,49.0,2.0,3.0,5.0,7.0,1.0,50.0,0.0,34.0,0.0,0.0,3.0,0.0,0.0,4.0,1.0,5.0,3.0,1.0,125.0,3.0,0.0,64.0,134.0,13.0,5.0,0.0,4.0,13.0,80.0,10.0,4.0,1.0,11.0,4.0,1.0,9.0,45.0,1.0,28.0,27.0,0.0,1.0,7.0,3.0,150.0,35.0,0.0,79.0,44.0,79.0,1430.0,409.69,12.0,0.0,3506.76,10331.19,11070.18,14983.62,358.84,0.0,34.849999999999994,0.0,171.42000000000002,89.0,0.0,16668.02,5270.05,2122.19,584.0,2289.95,7506.83,237.8,425.6,125.0,275.8,24.9,2074.6,0.0,2175.75,0.0,0.0,457.5,0.0,0.0,470.78999999999996,29.89,197.64,142.9,169.0,9550.81,397.93,0.0,6732.23,14229.91,1646.72,3883.9,0.0,662.79,1915.18,6903.39,992.0,907.88,389.0,1324.8899999999999,186.72,299.0,3311.55,7365.1,231.2,2814.98,3016.26,0.0,68.9,2558.8,3277.0,15676.12,2772.9900000000002,0.0,4434.7699999999995,4847.65,18303.28,bed_bath_table,watches_gifts
2018-04-02,1800,227333.1,3.0,7.0,5.0,0.0,6.0,89.0,44.0,174.0,9.0,2.0,4.0,0.0,1.0,1.0,3.0,159.0,14.0,22.0,3.0,9.0,50.0,3.0,5.0,1.0,4.0,2.0,49.0,0.0,32.0,0.0,0.0,3.0,1.0,1.0,7.0,0.0,6.0,4.0,2.0,141.0,10.0,0.0,43.0,145.0,24.0,3.0,1.0,5.0,17.0,79.0,17.0,1.0,0.0,9.0,2.0,1.0,15.0,31.0,0.0,46.0,41.0,0.0,3.0,21.0,4.0,161.0,34.0,0.0,51.0,50.0,93.0,935.5,1357.5,470.9,0.0,1117.53,12846.7,9098.06,17749.27,1468.6799999999998,174.0,418.84999999999997,0.0,12.52,53.99,1988.0,20382.91,1347.15,4799.02,239.99,771.05,8399.07,94.78,379.69,37.0,158.49,49.8,2506.09,0.0,2749.86,0.0,0.0,345.3,89.9,79.9,1221.97,0.0,234.67,141.85,388.0,13351.7,1089.45,0.0,5336.53,19362.94,2899.89,4605.0,12.9,496.6,2030.28,7386.79,1723.47,320.0,0.0,994.76,34.9,149.9,4714.2,4527.0,0.0,4346.18,4295.47,0.0,93.8,4378.05,3346.99,17496.6,2084.96,0.0,2505.07,5898.86,19336.67,bed_bath_table,computers_accessories
2018-04-09,1807,232599.93,2.0,4.0,4.0,0.0,10.0,87.0,68.0,183.0,6.0,1.0,3.0,0.0,1.0,1.0,5.0,108.0,17.0,21.0,17.0,1.0,54.0,3.0,6.0,1.0,25.0,0.0,45.0,0.0,17.0,0.0,0.0,2.0,0.0,2.0,2.0,1.0,7.0,3.0,3.0,121.0,2.0,0.0,50.0,165.0,37.0,6.0,0.0,5.0,16.0,114.0,9.0,5.0,0.0,14.0,3.0,1.0,15.0,27.0,2.0,43.0,39.0,0.0,13.0,20.0,4.0,144.0,38.0,0.0,72.0,27.0,77.0,637.0,407.78999999999996,248.4,0.0,3240.28,12893.92,12546.57,17741.93,762.8499999999999,125.0,83.8,0.0,6.0,99.95,6046.98,11595.62,2373.6800000000003,2108.01,1983.0,99.0,7981.59,110.18,583.7,37.0,1369.8600000000001,0.0,2725.93,0.0,1287.95,0.0,0.0,298.2,0.0,109.8,288.99,42.0,270.09,149.7,457.9,12814.880000000001,359.89,0.0,5370.78,20813.21,7826.5599999999995,5237.79,0.0,869.6,1348.31,11029.64,791.0,966.6899999999999,0.0,1886.66,183.9,10.99,5997.7,4176.35,43.8,3594.13,4800.83,0.0,233.7,3204.11,3017.99,17080.12,3863.26,0.0,4163.5,2486.31,18470.55,bed_bath_table,health_beauty
2018-04-16,1932,234526.23,3.0,3.0,6.0,1.0,7.0,84.0,72.0,181.0,20.0,0.0,3.0,1.0,2.0,2.0,7.0,146.0,9.0,24.0,13.0,6.0,45.0,6.0,2.0,1.0,16.0,0.0,42.0,0.0,16.0,0.0,0.0,2.0,0.0,0.0,1.0,1.0,10.0,2.0,1.0,168.0,11.0,0.0,86.0,152.0,25.0,6.0,0.0,4.0,21.0,119.0,7.0,7.0,2.0,15.0,5.0,0.0,14.0,39.0,0.0,34.0,38.0,0.0,7.0,12.0,4.0,118.0,49.0,0.0,80.0,56.0,112.0,2116.3,515.9,427.37,15.99,1264.48,11067.43,14942.03,16011.24,2445.34,0.0,79.9,65.0,86.17,208.8,5739.9400000000005,14209.89,1792.98,3021.92,1204.98,1179.75,9683.35,738.71,186.0,30.0,3143.6,0.0,1998.6200000000001,0.0,894.51,0.0,0.0,280.8,0.0,0.0,16.99,63.9,451.8,66.35,287.0,14251.9,1445.78,0.0,8417.48,21255.98,3001.9500000000003,4826.9,0.0,356.6,2600.48,11272.0,795.0,630.38,280.0,2902.2400000000002,255.69,0.0,3077.43,5770.01,0.0,4469.45,4399.92,0.0,183.37,751.95,3368.0,12696.63,3478.63,0.0,4056.16,5647.05,19357.420000000002,bed_bath_table,health_beauty
2018-04-23,1919,237109.22,4.0,8.0,9.0,0.0,7.0,74.0,46.0,161.0,13.0,1.0,10.0,0.0,6.0,1.0,0.0,100.0,6.0,19.0,11.0,7.0,48.0,5.0,4.0,1.0,8.0,2.0,61.0,5.0,33.0,0.0,1.0,3.0,0.0,3.0,1.0,0.0,11.0,7.0,0.0,131.0,8.0,0.0,76.0,180.0,19.0,6.0,0.0,4.0,21.0,129.0,16.0,7.0,0.0,16.0,4.0,2.0,13.0,33.0,0.0,38.0,41.0,0.0,12.0,11.0,1.0,135.0,29.0,1.0,61.0,54.0,184.0,811.9,841.6,848.8199999999999,0.0,1254.78,9709.130000000001,10204.44,16027.24,1435.6399999999999,18.99,482.15999999999997,0.0,70.66,159.0,0.0,9430.51,877.6,2082.1,1370.0,537.48,7375.55,342.31999999999994,183.6,45.0,301.49,17.8,3022.49,174.95000000000002,3309.9500000000003,0.0,195.0,356.5,0.0,169.7,393.99,0.0,458.11,187.10999999999999,0.0,13436.960000000001,1396.78,0.0,13025.779999999999,21953.06,1356.85,4068.0,0.0,216.60000000000002,3189.43,13415.27,1918.1399999999999,1248.4,0.0,1814.82,127.78999999999999,1385.97,5262.08,5245.4,0.0,4251.6,4407.05,0.0,1561.53,2722.3,1999.0,16657.06,2011.7,52.0,5076.59,6744.21,28414.27,watches_gifts,watches_gifts
2018-04-30,2028,246505.25,1.0,3.0,9.0,1.0,3.0,79.0,65.0,187.0,18.0,0.0,16.0,0.0,3.0,2.0,1.0,106.0,15.0,16.0,7.0,5.0,63.0,5.0,2.0,0.0,14.0,1.0,50.0,0.0,32.0,0.0,0.0,3.0,0.0,2.0,1.0,2.0,12.0,6.0,1.0,141.0,5.0,0.0,97.0,231.0,10.0,7.0,0.0,1.0,15.0,138.0,6.0,4.0,0.0,13.0,3.0,3.0,11.0,15.0,0.0,53.0,30.0,0.0,6.0,9.0,2.0,130.0,29.0,0.0,59.0,56.0,211.0,45.0,373.8,696.64,89.8,659.9,10799.62,7474.58,18277.68,2164.08,0.0,754.66,0.0,167.0,288.9,640.0,11106.28,1778.98,2682.61,769.7,1448.96,10608.93,149.14,186.0,0.0,900.13,83.99,2486.83,0.0,4485.4400000000005,0.0,0.0,664.6,0.0,7.8,90.0,68.9,498.01,340.8,169.0,12594.94,1381.65,0.0,7648.57,26254.17,562.84,6633.9,0.0,329.0,1536.3,14375.94,658.0,725.8,0.0,1503.53,135.85000000000002,386.1,5210.19,3053.08,0.0,5162.06,3018.51,0.0,558.5,883.27,2249.0,16961.52,4102.35,0.0,6499.5599999999995,6133.82,36321.85,health_beauty,watches_gifts
2018-05-07,2295,295792.81,5.0,5.0,12.0,0.0,5.0,92.0,63.0,164.0,14.0,3.0,15.0,0.0,2.0,4.0,8.0,135.0,12.0,53.0,14.0,11.0,48.0,7.0,1.0,1.0,18.0,3.0,72.0,0.0,35.0,0.0,1.0,2.0,0.0,2.0,3.0,0.0,12.0,1.0,1.0,176.0,2.0,0.0,62.0,245.0,12.0,8.0,0.0,9.0,17.0,172.0,17.0,1.0,0.0,13.0,6.0,2.0,18.0,32.0,1.0,56.0,41.0,0.0,0.0,13.0,4.0,146.0,32.0,0.0,80.0,65.0,226.0,2340.75,798.0,778.26,0.0,853.1,11809.62,10378.12,13931.27,1015.27,59.97,826.39,0.0,99.73,1093.59,4959.92,16291.85,1251.25,9452.58,2177.95,2121.99,7635.1,608.75,93.0,43.0,1078.92,163.97,2687.61,0.0,3415.07,0.0,129.99,257.8,0.0,99.8,503.09999999999997,0.0,478.03999999999996,39.99,169.0,15773.91,168.99,0.0,12255.8,26800.32,1591.89,3754.86,0.0,957.3000000000001,2111.95,15770.64,1769.0,145.0,0.0,2373.9,425.78000000000003,440.0,7274.5,6378.99,40.0,7923.68,3397.92,0.0,0.0,3059.0299999999997,4375.7,16879.56,2764.14,0.0,6012.76,10774.41,42009.48,health_beauty,watches_gifts
2018-05-14,2136,259143.78,1.0,7.0,12.0,0.0,9.0,96.0,68.0,218.0,17.0,3.0,14.0,0.0,1.0,9.0,0.0,130.0,18.0,28.0,18.0,8.0,49.0,1.0,0.0,1.0,6.0,2.0,79.0,0.0,26.0,0.0,0.0,2.0,0.0,1.0,3.0,0.0,20.0,14.0,3.0,176.0,5.0,0.0,87.0,170.0,23.0,5.0,0.0,6.0,16.0,177.0,15.0,4.0,0.0,14.0,3.0,0.0,20.0,25.0,0.0,57.0,36.0,0.0,2.0,10.0,3.0,133.0,36.0,1.0,61.0,57.0,117.0,429.0,919.4,977.88,0.0,344.6,12135.76,10213.07,21959.95,2600.94,96.97,692.71,0.0,239.8,642.2,0.0,13216.23,2609.19,2321.88,1974.8700000000001,1021.6800000000001,8548.49,47.99,0.0,37.0,420.46000000000004,167.98,7651.9400000000005,0.0,2433.37,0.0,0.0,275.8,0.0,49.9,287.0,0.0,578.3,598.71,829.98,15579.77,760.97,0.0,13065.71,22084.07,2538.03,2784.6899999999996,0.0,800.5,2534.21,18598.15,1204.0,1144.69,0.0,1773.96,302.89,0.0,4758.0599999999995,4279.52,0.0,7347.84,2465.8,0.0,274.9,3269.46,3407.9,14725.51,3228.7200000000003,49.9,3572.91,9620.43,23393.41,bed_bath_table,watches_gifts
2018-05-21,1107,133983.62,0.0,1.0,3.0,0.0,1.0,37.0,29.0,133.0,2.0,4.0,10.0,0.0,1.0,2.0,4.0,73.0,3.0,20.0,4.0,6.0,17.0,3.0,1.0,1.0,10.0,1.0,27.0,0.0,12.0,0.0,0.0,0.0,0.0,1.0,10.0,0.0,4.0,6.0,0.0,84.0,0.0,0.0,45.0,98.0,13.0,3.0,0.0,6.0,18.0,82.0,3.0,4.0,0.0,8.0,2.0,0.0,7.0,26.0,1.0,25.0,22.0,0.0,0.0,13.0,2.0,57.0,21.0,0.0,39.0,35.0,62.0,0.0,99.0,184.07,0.0,119.59,4259.51,2411.9,12852.19,177.8,253.98,723.53,0.0,37.9,169.8,3100.0,9118.44,215.07000000000002,5779.66,550.0,3005.8599999999997,3504.11,209.3,45.9,37.0,391.47,24.0,3609.12,0.0,859.38,0.0,0.0,0.0,0.0,49.9,1066.0,0.0,147.57,320.0,0.0,8370.4,0.0,0.0,4469.28,10503.57,836.12,1320.8000000000002,0.0,689.8,2119.0699999999997,8224.53,329.99,294.6,0.0,1018.24,69.98,0.0,794.3,5898.55,16.9,2723.35,2004.76,0.0,0.0,2112.23,2378.0,6656.85,1473.1200000000001,0.0,2179.27,4089.88,11752.5,bed_bath_table,bed_bath_table
2018-05-28,1230,182802.03,1.0,0.0,5.0,0.0,5.0,41.0,49.0,133.0,5.0,0.0,5.0,0.0,0.0,1.0,2.0,51.0,11.0,19.0,7.0,2.0,17.0,4.0,2.0,1.0,0.0,0.0,29.0,0.0,19.0,1.0,1.0,6.0,0.0,1.0,2.0,0.0,2.0,1.0,2.0,88.0,6.0,0.0,28.0,113.0,17.0,3.0,0.0,0.0,24.0,124.0,7.0,4.0,0.0,5.0,1.0,1.0,13.0,14.0,2.0,31.0,26.0,0.0,6.0,7.0,0.0,84.0,26.0,0.0,41.0,41.0,90.0,465.0,0.0,498.6,0.0,1416.49,9364.03,7021.13,13788.82,124.94,0.0,282.66999999999996,0.0,0.0,82.8,1520.0,6485.01,733.0699999999999,2271.34,1304.97,423.15,2861.19,254.68,186.0,37.0,0.0,0.0,1066.6599999999999,0.0,1408.19,89.99,65.0,664.2,0.0,49.9,37.8,0.0,91.77,14.9,486.0,6972.08,1141.33,0.0,3236.87,24282.7,1350.01,425.97,0.0,0.0,3747.09,13856.68,723.0,842.99,0.0,1320.73,47.9,52.9,3623.94,2585.54,43.8,5520.24,4402.7,0.0,2919.3999999999996,3916.09,0.0,10302.15,2593.04,0.0,5427.92,6703.71,23553.3,bed_bath_table,health_beauty
2018-06-04,1676,204184.02,2.0,9.0,2.0,0.0,1.0,79.0,57.0,199.0,10.0,2.0,6.0,0.0,3.0,1.0,1.0,112.0,5.0,21.0,11.0,3.0,21.0,1.0,3.0,2.0,9.0,1.0,41.0,0.0,22.0,0.0,1.0,3.0,0.0,0.0,2.0,0.0,6.0,6.0,2.0,68.0,5.0,0.0,47.0,197.0,14.0,5.0,2.0,8.0,18.0,166.0,7.0,8.0,0.0,11.0,3.0,0.0,10.0,17.0,1.0,53.0,46.0,0.0,6.0,17.0,0.0,78.0,54.0,1.0,45.0,46.0,91.0,1713.0,1564.8,199.8,0.0,14.9,9277.16,11272.14,16957.350000000002,824.9599999999999,84.84,480.78999999999996,0.0,142.56,109.0,790.0,12779.77,3507.98,2463.76,1187.28,223.0,2871.7,72.9,434.0,67.0,664.58,25.0,1629.33,0.0,1523.56,0.0,52.9,279.70000000000005,0.0,0.0,143.99,0.0,392.4,124.48,437.0,7371.99,818.49,0.0,4634.7,30859.83,1204.05,1532.64,25.8,1295.8,2248.9500000000003,13056.54,633.9,994.25,0.0,1309.78,202.8,0.0,4356.7,3109.35,16.9,6966.42,4629.65,0.0,1099.8,5299.82,0.0,7332.65,3265.94,50.0,7656.8,3589.86,17061.08,bed_bath_table,health_beauty
2018-06-11,1729,220710.2,2.0,4.0,10.0,0.0,3.0,58.0,53.0,183.0,9.0,4.0,6.0,0.0,0.0,5.0,6.0,81.0,13.0,27.0,6.0,5.0,20.0,2.0,0.0,1.0,13.0,4.0,48.0,0.0,21.0,0.0,0.0,2.0,0.0,5.0,4.0,2.0,9.0,0.0,1.0,100.0,8.0,0.0,42.0,223.0,15.0,1.0,0.0,2.0,16.0,130.0,4.0,4.0,0.0,10.0,2.0,2.0,14.0,12.0,1.0,60.0,46.0,0.0,7.0,11.0,3.0,112.0,45.0,0.0,62.0,50.0,136.0,295.0,1925.9,864.72,0.0,181.8,8200.36,6716.06,15882.34,508.6,203.66,269.28,0.0,0.0,252.15,4420.0,7674.32,888.26,9039.54,365.99,1074.3700000000001,6625.379999999999,80.99000000000001,0.0,37.0,387.82,348.98,2685.65,0.0,2397.17,0.0,0.0,280.69,0.0,19.5,423.84,108.0,633.99,0.0,287.0,11761.8,984.59,0.0,4000.13,27813.29,1242.22,21.42,0.0,358.99,2213.05,14479.33,296.0,523.9,0.0,1215.0,55.86,105.23,3825.53,2050.28,67.9,8175.17,4600.05,0.0,724.1899999999999,4195.38,3499.0,12538.35,3873.78,0.0,6017.21,6962.67,25605.56,health_beauty,health_beauty
2018-06-18,1651,192587.99,3.0,1.0,6.0,0.0,8.0,74.0,54.0,194.0,11.0,1.0,11.0,0.0,2.0,2.0,4.0,106.0,9.0,31.0,13.0,3.0,24.0,2.0,0.0,2.0,9.0,0.0,47.0,0.0,16.0,0.0,2.0,2.0,0.0,0.0,4.0,0.0,3.0,3.0,3.0,87.0,7.0,0.0,30.0,227.0,12.0,6.0,0.0,3.0,16.0,114.0,4.0,9.0,0.0,10.0,1.0,1.0,5.0,24.0,0.0,34.0,36.0,0.0,5.0,10.0,0.0,107.0,34.0,0.0,59.0,36.0,117.0,634.0,46.2,498.97,0.0,764.49,10926.65,6286.14,19726.47,998.33,59.89,825.3699999999999,0.0,58.73,22.8,6567.0,9613.08,1153.09,4552.45,952.97,655.0600000000001,4442.360000000001,177.89,0.0,120.0,446.17999999999995,0.0,3003.46,0.0,1690.47,0.0,80.0,390.49,0.0,0.0,1082.99,0.0,150.8,110.41,240.0,8542.44,424.7,0.0,2717.86,23866.829999999998,1419.5,4846.79,0.0,337.9,1522.9,11252.62,684.0,686.49,0.0,1201.7,47.9,3.85,1590.57,4286.83,0.0,5649.38,4228.38,0.0,577.89,937.0,0.0,11440.19,3108.2400000000002,0.0,4441.599999999999,3250.14,18592.77,health_beauty,health_beauty
2018-06-25,1622,185984.37,4.0,2.0,8.0,0.0,6.0,70.0,45.0,156.0,7.0,2.0,1.0,0.0,2.0,5.0,2.0,105.0,18.0,31.0,10.0,3.0,34.0,3.0,0.0,1.0,2.0,1.0,51.0,0.0,22.0,0.0,3.0,0.0,0.0,1.0,5.0,0.0,5.0,1.0,3.0,120.0,10.0,0.0,71.0,190.0,17.0,5.0,0.0,3.0,13.0,137.0,8.0,5.0,0.0,3.0,1.0,0.0,14.0,17.0,0.0,25.0,43.0,0.0,3.0,9.0,0.0,102.0,25.0,0.0,38.0,44.0,107.0,1342.8,130.0,682.93,0.0,173.5,10711.48,5082.51,14127.54,983.5,119.78,35.0,0.0,104.9,51.9,1120.0,10627.28,1568.15,6249.46,1203.91,189.79,4500.49,311.88,0.0,60.0,68.49000000000001,8.9,2376.17,0.0,1480.9299999999998,0.0,249.9,0.0,0.0,59.9,391.70000000000005,0.0,166.09,44.06,595.99,13046.59,1412.8400000000001,0.0,6830.72,16799.579999999998,1462.57,1875.8899999999999,0.0,393.8,1741.35,13850.7,666.0,619.8,0.0,255.5,249.9,0.0,5541.1,2089.3,0.0,3298.61,3646.75,0.0,541.9,2977.91,0.0,12518.37,2112.14,0.0,3787.78,3925.87,21477.88,health_beauty,watches_gifts
2018-07-02,1345,156419.8,2.0,2.0,5.0,0.0,1.0,59.0,40.0,128.0,7.0,5.0,8.0,0.0,1.0,1.0,1.0,81.0,11.0,20.0,6.0,2.0,20.0,9.0,2.0,0.0,2.0,0.0,22.0,0.0,10.0,0.0,0.0,0.0,0.0,1.0,1.0,0.0,12.0,2.0,0.0,90.0,8.0,1.0,36.0,182.0,14.0,3.0,0.0,1.0,13.0,111.0,3.0,8.0,0.0,8.0,0.0,1.0,0.0,12.0,0.0,42.0,27.0,0.0,10.0,10.0,3.0,114.0,28.0,0.0,35.0,34.0,86.0,613.9,354.78,438.96,0.0,598.99,6195.1900000000005,4497.69,11841.72,1544.49,312.84999999999997,584.72,0.0,24.9,112.9,580.0,9128.88,2218.97,3994.26,944.03,198.0,2467.39,429.11,438.0,0.0,93.0,0.0,1218.38,0.0,533.68,0.0,0.0,0.0,0.0,49.9,33.0,0.0,526.0,88.02,0.0,8646.8,629.74,129.9,6152.96,19132.82,993.89,3509.88,0.0,79.9,1539.3600000000001,10877.69,3361.21,1142.7,0.0,349.55,0.0,763.5,0.0,1554.67,0.0,4119.68,3124.83,0.0,1990.8,1139.6299999999999,1749.0,12094.29,2967.78,0.0,2251.79,3043.04,14566.11,health_beauty,health_beauty
2018-07-09,1099,165640.58,1.0,2.0,8.0,0.0,2.0,55.0,34.0,80.0,2.0,2.0,4.0,0.0,0.0,3.0,2.0,66.0,7.0,15.0,6.0,1.0,31.0,5.0,2.0,1.0,3.0,1.0,27.0,0.0,8.0,0.0,0.0,1.0,0.0,0.0,4.0,0.0,12.0,2.0,0.0,43.0,12.0,0.0,23.0,145.0,10.0,6.0,2.0,3.0,11.0,70.0,2.0,2.0,0.0,10.0,1.0,1.0,12.0,12.0,1.0,32.0,23.0,0.0,12.0,7.0,0.0,60.0,27.0,0.0,32.0,23.0,121.0,559.99,315.0,799.92,0.0,29.8,7212.3,3368.59,7658.3,630.79,64.98,509.91999999999996,0.0,0.0,835.84,1420.0,6547.57,1161.6399999999999,2073.4,481.68,99.0,13422.06,153.07999999999998,264.75,37.0,180.49,83.99,1728.74,0.0,810.5899999999999,0.0,0.0,169.79,0.0,0.0,7160.0,0.0,560.0699999999999,88.7,0.0,5075.78,2129.79,0.0,3485.52,23513.75,380.72,5468.86,25.8,518.8,1053.49,8059.65,114.0,102.85000000000001,0.0,955.36,47.9,68.9,3600.46,1969.6399999999999,35.0,2997.98,2181.47,0.0,849.6899999999999,4483.3,0.0,7212.91,2040.79,0.0,2759.8599999999997,2623.82,24488.44,health_beauty,watches_gifts
2018-07-16,1873,222527.28,14.0,3.0,3.0,3.0,14.0,96.0,49.0,182.0,5.0,0.0,6.0,0.0,1.0,1.0,0.0,104.0,10.0,29.0,24.0,7.0,28.0,3.0,5.0,1.0,7.0,0.0,49.0,0.0,16.0,0.0,1.0,3.0,0.0,0.0,3.0,2.0,15.0,6.0,1.0,117.0,18.0,0.0,40.0,220.0,21.0,10.0,0.0,9.0,15.0,130.0,8.0,4.0,0.0,13.0,0.0,1.0,9.0,32.0,1.0,53.0,46.0,0.0,2.0,15.0,5.0,106.0,47.0,0.0,62.0,42.0,145.0,3294.54,562.1,299.96999999999997,268.78000000000003,814.05,14376.42,4040.25,16059.98,143.28,0.0,258.99,0.0,31.78,15.9,0.0,9787.83,1179.04,2800.61,3551.7799999999997,1180.95,3989.8,79.64,2620.95,37.0,523.98,0.0,4173.83,0.0,1811.08,0.0,24.9,429.70000000000005,0.0,0.0,537.4,47.989999999999995,860.97,309.57,159.0,11502.45,1455.49,0.0,6501.2,28413.64,1718.74,2651.15,0.0,1164.49,1705.75,12586.59,827.0,1288.7,0.0,1242.14,0.0,16.9,944.5799999999999,4881.12,22.5,5822.98,4572.76,0.0,360.0,1479.6100000000001,1863.79,12080.1,5246.99,0.0,10298.42,3721.13,25054.06,health_beauty,health_beauty
2018-07-23,1900,242163.15,10.0,7.0,3.0,7.0,4.0,97.0,71.0,152.0,8.0,0.0,7.0,0.0,5.0,2.0,2.0,117.0,13.0,35.0,12.0,2.0,26.0,8.0,3.0,1.0,3.0,0.0,38.0,0.0,30.0,0.0,4.0,0.0,0.0,1.0,2.0,0.0,19.0,5.0,9.0,131.0,11.0,0.0,59.0,170.0,19.0,3.0,1.0,8.0,18.0,169.0,0.0,7.0,0.0,15.0,3.0,0.0,11.0,14.0,0.0,61.0,41.0,0.0,4.0,6.0,7.0,133.0,58.0,0.0,63.0,40.0,116.0,2737.54,1047.99,189.27999999999997,335.89,400.8,10896.69,7573.16,12698.43,1558.0,0.0,579.1899999999999,0.0,417.88,213.9,7379.0,11162.99,2632.5,5208.72,979.4,134.0,8187.81,1294.64,2177.5,28.8,258.9,0.0,2214.29,0.0,2236.35,0.0,183.8,0.0,0.0,59.9,293.99,0.0,1037.54,232.44,1227.9,14416.630000000001,1978.71,0.0,8006.77,25444.57,1258.93,579.08,12.9,1020.49,1946.75,18421.18,0.0,758.8,0.0,2503.78,138.88,0.0,2818.9799999999996,3237.54,0.0,7959.45,6425.68,0.0,479.7,905.4200000000001,1086.88,17718.15,4002.96,0.0,6781.1,5885.79,20867.02,health_beauty,health_beauty
2018-07-30,2305,276573.9,9.0,11.0,9.0,3.0,4.0,101.0,91.0,199.0,11.0,1.0,8.0,0.0,4.0,1.0,2.0,150.0,8.0,38.0,16.0,9.0,42.0,8.0,4.0,1.0,12.0,0.0,38.0,0.0,44.0,0.0,1.0,1.0,0.0,0.0,4.0,0.0,19.0,7.0,2.0,147.0,17.0,0.0,34.0,240.0,23.0,5.0,0.0,8.0,14.0,203.0,1.0,9.0,0.0,21.0,1.0,1.0,12.0,20.0,4.0,75.0,62.0,0.0,5.0,9.0,4.0,149.0,69.0,0.0,101.0,43.0,158.0,3209.12,1578.39,698.92,92.9,489.9,10427.28,9882.47,20034.75,621.14,24.95,598.96,0.0,117.06,15.9,1300.0,14402.44,1425.79,3351.51,2801.24,901.15,5872.75,1354.58,442.87,47.0,680.75,0.0,4882.19,0.0,2524.96,0.0,198.8,220.7,0.0,0.0,2234.7799999999997,0.0,1429.36,275.88,190.0,14065.64,2183.37,0.0,3158.41,34616.81,3764.1299999999997,2559.31,0.0,923.5,1883.43,23344.27,395.0,1221.49,0.0,2180.54,106.99,99.9,6302.03,3950.92,219.39,7752.63,8063.27,0.0,539.88,1901.55,999.29,14236.86,6562.84,0.0,13933.39,4144.61,23419.54,health_beauty,health_beauty
2018-08-06,2254,279889.59,4.0,3.0,6.0,0.0,6.0,137.0,64.0,194.0,13.0,1.0,11.0,0.0,3.0,2.0,6.0,128.0,22.0,39.0,27.0,6.0,40.0,8.0,1.0,1.0,8.0,0.0,52.0,1.0,32.0,0.0,1.0,1.0,0.0,2.0,6.0,0.0,27.0,8.0,3.0,145.0,13.0,0.0,52.0,262.0,19.0,4.0,0.0,5.0,23.0,175.0,4.0,1.0,0.0,24.0,2.0,3.0,18.0,15.0,3.0,55.0,65.0,0.0,10.0,11.0,2.0,128.0,52.0,0.0,107.0,56.0,123.0,833.7,808.9,489.96999999999997,0.0,738.6,15992.94,5447.95,17004.72,545.98,749.0,514.83,0.0,349.83,105.89,4111.5,14815.27,1826.45,4590.89,3635.47,1217.42,5315.2,1729.0500000000002,232.75,46.0,463.33,0.0,3658.79,34.99,2119.56,0.0,52.9,220.7,0.0,219.9,1714.49,0.0,1834.67,494.98,537.0,13636.83,1907.6,0.0,8595.23,40564.81,1402.15,5665.0,0.0,552.7,2786.12,17299.93,459.8,56.9,0.0,2595.12,278.69,84.61,2011.7,2627.85,471.1,6045.54,8085.5,0.0,692.13,2593.58,850.0,13737.02,4841.14,0.0,15134.68,6286.15,26207.47,health_beauty,health_beauty
2018-08-13,2054,245609.63,1.0,4.0,2.0,3.0,6.0,106.0,49.0,212.0,7.0,0.0,8.0,0.0,5.0,3.0,1.0,124.0,20.0,58.0,12.0,8.0,30.0,4.0,6.0,1.0,9.0,0.0,27.0,0.0,36.0,0.0,1.0,1.0,1.0,0.0,1.0,0.0,39.0,3.0,5.0,125.0,9.0,0.0,41.0,238.0,27.0,6.0,0.0,5.0,10.0,195.0,2.0,7.0,0.0,19.0,3.0,2.0,8.0,5.0,4.0,51.0,58.0,0.0,5.0,6.0,7.0,149.0,46.0,0.0,63.0,46.0,113.0,23.9,939.9,167.49,269.46999999999997,659.9,18306.75,6380.43,18720.06,260.45,0.0,429.69,0.0,132.48,297.8,1390.0,11382.33,1570.49,7544.6900000000005,1564.94,1436.71,4393.94,452.25,406.76,46.0,535.46,0.0,1790.01,0.0,2655.61,0.0,129.99,29.9,69.9,0.0,69.9,0.0,2804.59,86.75,1132.0,13002.08,902.8,0.0,4083.11,31767.77,1769.12,1876.8,0.0,696.78,1105.55,20936.45,254.99,653.18,0.0,1877.91,253.69,313.3,2143.89,1499.6,419.9,6784.89,7448.9,0.0,515.7,1783.33,685.71,19559.99,3968.43,0.0,9027.32,5297.94,19814.37,health_beauty,health_beauty
2018-08-20,1192,126434.29,6.0,5.0,1.0,4.0,10.0,59.0,34.0,104.0,7.0,0.0,5.0,0.0,0.0,4.0,5.0,58.0,12.0,37.0,11.0,6.0,19.0,1.0,3.0,1.0,2.0,1.0,16.0,2.0,22.0,0.0,0.0,1.0,0.0,0.0,0.0,0.0,30.0,6.0,2.0,60.0,6.0,0.0,18.0,146.0,9.0,1.0,0.0,1.0,4.0,109.0,4.0,4.0,0.0,9.0,2.0,0.0,5.0,1.0,2.0,58.0,29.0,0.0,3.0,3.0,4.0,79.0,29.0,0.0,35.0,32.0,61.0,1036.0900000000001,508.7,97.5,589.29,385.1,5070.9400000000005,2282.89,9782.710000000001,313.1,0.0,114.3,0.0,0.0,265.69,3210.0,3871.09,854.77,8306.59,1211.88,791.84,2403.55,72.9,173.39,139.89,42.49,8.9,1838.98,94.98,1367.99,0.0,0.0,220.7,0.0,0.0,0.0,0.0,2117.21,266.0,338.0,4736.1,716.47,0.0,1617.74,20585.72,446.16,170.0,0.0,269.0,1400.86,8508.92,1649.9,389.8,0.0,947.23,309.9,0.0,369.5,99.9,150.0,5872.51,3626.72,0.0,182.88,1177.3899999999999,461.72,7200.34,2477.91,0.0,3376.2599999999998,3092.38,8375.74,health_beauty,health_beauty
2018-08-27,132,10565.86,0.0,0.0,1.0,0.0,1.0,6.0,3.0,12.0,1.0,0.0,0.0,0.0,0.0,0.0,0.0,6.0,2.0,1.0,1.0,0.0,3.0,2.0,0.0,0.0,1.0,0.0,0.0,0.0,2.0,0.0,0.0,0.0,0.0,0.0,0.0,0.0,7.0,0.0,0.0,2.0,0.0,0.0,2.0,20.0,0.0,0.0,0.0,0.0,0.0,21.0,0.0,2.0,0.0,1.0,0.0,0.0,0.0,1.0,1.0,1.0,0.0,0.0,0.0,0.0,0.0,16.0,1.0,0.0,3.0,5.0,5.0,0.0,0.0,97.5,0.0,14.9,467.38,348.89,1066.29,25.0,0.0,0.0,0.0,0.0,0.0,0.0,406.75,114.99,24.99,30.0,0.0,242.26999999999998,79.98,0.0,0.0,34.0,0.0,0.0,0.0,99.8,0.0,0.0,0.0,0.0,0.0,0.0,0.0,463.94,0.0,0.0,188.9,0.0,0.0,84.0,1699.95,0.0,0.0,0.0,0.0,0.0,1387.58,0.0,418.0,0.0,18.0,0.0,0.0,0.0,712.9,24.9,79.8,0.0,0.0,0.0,0.0,0.0,1015.4899999999999,61.9,0.0,63.48,321.69,424.8,housewares,health_beauty
