week,month_of_year,week_of_month,automotive_items,baby_items,beauty_health_items,electronics_items,entertainment_items,fashion_items,food_items,furniture_items,home_items,miscellaneous_items,office_supplies_items,pets_items,sports_items,tools_items,toys_items,automotive_price,baby_price,beauty_health_price,electronics_price,entertainment_price,fashion_price,food_price,furniture_price,home_price,miscellaneous_price,office_supplies_price,pets_price,sports_price,tools_price,toys_price,automotive_freight,baby_freight,beauty_health_freight,electronics_freight,entertainment_freight,fashion_freight,food_freight,furniture_freight,home_freight,miscellaneous_freight,office_supplies_freight,pets_freight,sports_freight,tools_freight,toys_freight,automotive_review,baby_review,beauty_health_review,electronics_review,entertainment_review,fashion_review,food_review,furniture_review,home_review,miscellaneous_review,office_supplies_review,pets_review,sports_review,tools_review,toys_review,automotive_shipping,baby_shipping,beauty_health_shipping,electronics_shipping,entertainment_shipping,fashion_shipping,food_shipping,furniture_shipping,home_shipping,miscellaneous_shipping,office_supplies_shipping,pets_shipping,sports_shipping,tools_shipping,toys_shipping
2017-01-02/2017-01-08,1,1,2,2,5,1,2,6,0,6,0,3,1,4,0,1,3,21.8,21.8,3180.0,10.99,119.80000000000001,184.49,0.0,140.4,0.0,947.0,10.9,32.6,0.0,239.9,203.79000000000002,17.44,17.44,153.55,14.11,23.66,54.980000000000004,0.0,69.3,0.0,63.730000000000004,8.72,34.88,0.0,16.89,40.06,5.0,5.0,5.0,5.0,4.5,5.0,4.078921429040808,4.0,4.078921429040808,2.3333333333333335,5.0,5.0,4.078921429040808,5.0,4.666666666666667,15.380324074074075,13.028408564814814,9.341817129629629,6.783587962962963,5.980046296296296,15.601811342592592,0.0,6.349728009259259,0.0,14.652067901234568,6.332627314814815,13.479696180555557,0.0,30.40423611111111,9.749521604938272
2017-01-09/2017-01-15,1,2,0,2,2,9,0,2,0,30,3,4,0,1,7,7,2,0.0,179.8,539.89,475.26,0.0,123.88999999999999,0.0,1772.3000000000002,895.89,1367.06,0.0,7.9,823.6,2660.0,289.89,0.0,26.04,37.1,143.49,0.0,39.5,0.0,432.67,52.28,80.74000000000001,0.0,8.72,190.01000000000002,290.42,45.519999999999996,4.078921429040808,4.5,3.5,4.333333333333333,4.078921429040808,3.0,4.078921429040808,3.966666666666667,5.0,4.0,4.078921429040808,5.0,3.5714285714285716,3.7142857142857144,5.0,0.0,16.09747685185185,11.687291666666667,8.176867283950617,0.0,10.160329861111112,0.0,10.991034336419752,7.180625,10.263278356481482,0.0,6.059386574074074,9.529570105820104,16.746319444444445,28.398362268518518
2017-01-16/2017-01-22,1,3,11,11,14,22,5,5,0,84,5,9,9,3,19,2,11,1827.99,747.05,2520.16,1180.74,521.97,421.5,0.0,5782.33,736.05,2092.6800000000003,801.78,294.33,1597.63,262.99,858.45,210.51999999999998,225.75,221.64,305.29,78.66,97.03,0.0,1392.5,81.5,169.09,120.53,92.78999999999999,321.74,34.7,158.88,2.909090909090909,4.818181818181818,4.142857142857143,3.909090909090909,5.0,4.8,4.078921429040808,4.0,4.2,3.4444444444444446,4.777777777777778,4.333333333333333,4.578947368421052,4.5,4.454545454545454,16.114045664983163,10.402818813131313,11.882143683862434,13.52108848905724,11.006444444444444,10.421064814814816,0.0,13.749012207892417,16.74017361111111,11.29011445473251,11.233711419753085,30.055331790123457,15.106909722222222,11.157604166666667,12.320300925925926
2017-01-23/2017-01-29,1,4,11,10,63,26,10,16,2,67,26,23,7,4,44,15,20,2130.26,3150.58,8750.21,2931.23,2646.01,1147.1,42.82,5009.91,2164.04,4780.09,1229.26,318.49,5959.51,2085.64,2616.11,214.01,216.02,998.17,387.09000000000003,183.87,238.31,36.0,1194.54,391.87,477.5,164.37,36.0,900.25,289.69,397.49,4.0,4.4,4.253968253968254,4.384615384615385,4.9,4.4375,5.0,4.074626865671642,3.923076923076923,4.086956521739131,3.2857142857142856,3.0,4.159090909090909,3.3333333333333335,4.45,13.36568181818182,18.588063657407407,12.247398772780716,10.720017806267807,9.507783564814815,11.725054253472223,9.522106481481481,11.309221082089552,11.320541755698006,14.254246678743963,10.997495039682539,12.565946180555555,12.298835227272725,12.912028549382716,8.363813657407407
2017-01-30/2017-02-05,1,5,12,9,59,39,13,21,1,96,15,32,22,9,34,26,12,1576.1,529.89,10496.32,2521.95,3841.72,1381.0700000000002,149.9,9654.69,1715.52,7618.21,3049.8,715.2,4059.23,1629.4,2404.62,252.18,126.68,1408.58,608.66,234.9,319.87,17.2,2113.09,286.43,649.31,575.44,156.1,841.47,218.69,234.55,4.666666666666667,4.0,4.491525423728813,4.102564102564102,4.230769230769231,4.095238095238095,5.0,4.166666666666667,4.4,4.4375,4.090909090909091,4.888888888888889,4.029411764705882,4.6923076923076925,4.166666666666667,14.058858989197532,13.86284336419753,12.491725910232267,11.945360576923077,19.06806623931624,12.777227182539683,4.396643518518519,10.821966869212963,17.083864969135803,11.285159505208334,14.243530092592591,8.786455761316873,17.543359204793028,14.731122685185186,10.496249035493827
2017-02-06/2017-02-12,2,1,29,7,56,64,11,34,1,91,29,33,33,7,52,10,16,4297.5,437.70000000000005,7035.5,8474.31,1393.7,2008.61,149.9,8184.860000000001,9798.699999999999,7176.33,5767.28,445.84999999999997,4146.97,2032.9699999999998,3025.4500000000003,750.88,111.84,886.57,1029.88,198.96,531.32,32.08,1945.02,709.92,688.72,942.51,108.83,828.39,186.67000000000002,368.04,4.310344827586207,4.428571428571429,4.339285714285714,4.1875,4.2727272727272725,4.588235294117647,5.0,4.21978021978022,4.517241379310345,4.333333333333333,3.9393939393939394,4.428571428571429,4.519230769230769,4.4,4.5625,13.248656609195404,11.889246031746032,11.862814566798942,12.540004340277777,11.30267361111111,12.16009633714597,3.257152777777778,12.926783043345544,11.717745450191572,11.796359778338944,9.20040789842873,14.463414351851851,11.95707821403134,13.422319444444444,13.298744212962964
2017-02-13/2017-02-19,2,2,21,6,25,56,7,15,2,109,33,24,10,8,20,20,15,3237.11,344.8,4522.13,3345.24,621.69,1103.65,177.4,10102.84,5462.87,2607.5,1217.65,1210.27,3265.04,3712.44,1887.46,521.46,115.48,612.83,886.09,184.67000000000002,227.29,64.62,2093.57,680.31,467.35,274.08,153.25,414.03000000000003,469.53000000000003,267.0,4.523809523809524,4.833333333333333,4.08,3.9464285714285716,4.142857142857143,4.466666666666667,4.5,3.8623853211009176,3.5454545454545454,4.291666666666667,2.8,4.375,4.4,3.9,4.266666666666667,15.226248897707231,9.858626543209876,11.387110648148148,10.8003480489418,7.103788029100529,10.288632716049383,13.943078703703705,12.671131817023445,14.887153128507295,14.116536458333334,15.88521064814815,19.081299189814814,12.921928819444442,10.64509837962963,13.022445216049384
2017-02-20/2017-02-26,2,3,15,3,36,60,8,9,3,103,15,23,1,4,28,15,7,2318.48,169.79,4861.61,6639.94,1490.8899999999999,649.39,49.629999999999995,8020.54,818.97,2775.34,68.99,411.89,3379.19,2325.98,509.28000000000003,284.78000000000003,38.94,657.48,1058.29,202.54,181.45,46.82,2002.41,260.0,346.90000000000003,8.85,131.08,574.71,280.99,107.05,4.333333333333333,4.0,4.305555555555555,4.2,4.125,4.222222222222222,2.0,4.048543689320389,3.7333333333333334,4.217391304347826,5.0,4.0,4.464285714285714,4.0,4.571428571428571,13.59849074074074,9.30750385802469,10.30842271090535,13.80958526234568,13.326524884259259,15.623391203703704,9.98886188271605,14.156314724919094,14.778886574074074,9.662331421095008,6.939189814814815,12.680737847222222,13.09437251984127,12.104678240740741,20.751059854497353
2017-02-27/2017-03-05,2,4,9,9,34,58,13,7,2,138,37,48,10,10,37,16,21,1160.8600000000001,665.76,4155.97,4278.67,2362.72,537.2,319.8,10295.970000000001,3271.84,8449.01,2191.65,1411.8899999999999,3798.5,2646.42,2298.47,183.0,149.85,610.16,920.88,232.36,133.46,45.1,2439.17,701.02,783.39,317.39,147.21,696.75,363.01,386.39,4.333333333333333,4.666666666666667,4.352941176470588,3.9310344827586206,4.153846153846154,4.285714285714286,5.0,4.094202898550725,4.162162162162162,4.3125,2.8,4.7,4.621621621621622,4.4375,4.571428571428571,10.559281121399176,9.959126800411523,15.033340822440087,11.039364423690932,11.467287215099715,15.350165343915345,15.665104166666666,13.038071490874934,11.95823855105105,13.715409915123457,15.856490740740742,8.288949074074074,11.075042542542542,13.704253472222222,16.380756172839504
2017-03-06/2017-03-12,3,1,17,13,52,83,14,28,2,124,50,35,29,2,37,47,22,3193.35,884.21,8436.83,5329.58,2058.31,1499.15,168.89000000000001,10772.41,5672.54,6253.96,2928.84,184.49,3725.79,6765.26,3140.46,633.16,187.82,1001.63,1389.47,249.45000000000002,380.3,54.06,2126.05,928.79,603.03,858.8299999999999,36.58,738.61,1009.89,396.21000000000004,4.235294117647059,3.5384615384615383,4.25,3.783132530120482,3.7142857142857144,4.142857142857143,5.0,4.056451612903226,4.36,4.514285714285714,3.7586206896551726,4.5,4.216216216216216,4.170212765957447,4.409090909090909,12.63810661764706,11.514216524216524,10.984702412749288,13.33968275881303,8.542523148148149,11.818662781084656,7.346626157407408,14.159666685334528,12.376231712962962,13.944392526455026,13.398989064495531,16.282899305555556,11.417469657157158,10.474616085500394,14.19651672979798
2017-03-13/2017-03-19,3,2,11,10,74,51,19,25,11,115,74,47,35,12,36,47,18,2111.37,1350.26,13341.35,4164.3,4276.82,2793.09,1166.6100000000001,9393.03,9434.37,8850.87,4795.5,3283.2,9632.9,7236.889999999999,2026.84,229.82,187.70000000000002,1462.93,932.4,507.42,448.85,216.57,2102.58,1370.01,795.75,864.34,237.61,1323.28,1033.95,339.2,4.454545454545454,3.9,4.081081081081081,4.176470588235294,3.736842105263158,4.44,3.727272727272727,4.043478260869565,4.108108108108108,3.872340425531915,3.5142857142857142,4.416666666666667,4.25,4.297872340425532,4.222222222222222,16.2597843013468,19.54865277777778,13.07316238113113,12.7455857389252,15.53329312865497,11.936976388888889,11.15096064814815,14.840676630434784,13.584870339089088,13.712593577620174,16.14251554232804,12.482705439814815,9.165216692386831,14.228469759653269,8.748988554526749
2017-03-20/2017-03-26,3,3,13,5,69,86,15,25,4,124,68,36,17,13,38,35,16,3348.19,436.28000000000003,9504.23,10156.47,2192.22,2892.14,228.88,11521.36,5979.54,7913.67,1911.78,2397.1,4274.83,4477.5,1837.85,335.03000000000003,105.97,1115.96,1450.26,243.6,826.08,57.49,2289.41,1149.9,612.17,369.44,205.20000000000002,738.81,680.12,238.24,4.615384615384615,4.6,4.2898550724637685,3.7093023255813953,4.866666666666666,4.64,4.5,3.717741935483871,4.25,4.388888888888889,4.235294117647059,4.076923076923077,3.8947368421052633,3.4,4.0,14.822232905982904,9.217006944444444,12.39844722893183,12.203593480835487,14.592983024691359,11.532769907407408,16.099131944444444,11.188887675477897,12.195560831971678,14.894134516460904,10.698438180827887,10.634054487179487,14.696041666666666,11.094747685185185,11.954181134259258
2017-03-27/2017-04-02,3,4,18,6,57,90,14,22,7,106,42,34,27,7,35,20,21,3578.77,425.78000000000003,8422.64,10321.35,1962.01,2014.46,706.77,8410.57,10438.43,10902.86,2835.93,572.61,3451.78,5087.48,2687.61,533.1899999999999,99.74000000000001,930.5,1470.07,233.81,509.93,136.57,1967.58,929.47,557.55,661.04,125.53,615.71,539.26,437.77,3.5555555555555554,4.666666666666667,4.5964912280701755,3.8333333333333335,3.2142857142857144,4.318181818181818,4.857142857142857,4.066037735849057,4.5,4.323529411764706,4.37037037037037,4.571428571428571,4.514285714285714,3.8,4.285714285714286,14.01533822016461,15.32105324074074,12.391621588693958,13.08676478909465,10.441603835978835,15.344255050505051,7.981501322751322,13.29217177672956,12.132351190476191,12.509350149782135,11.244988425925927,12.777208994708996,14.174625661375662,14.303574652777778,13.93884479717813
2017-04-03/2017-04-09,4,1,15,6,62,64,8,24,6,114,48,64,16,8,44,21,27,1536.8100000000002,382.77,10662.279999999999,7753.639999999999,4231.27,2287.26,340.98,8722.86,3973.27,13235.68,2655.96,864.0600000000001,5423.13,6739.46,2797.43,259.9,89.72,1116.37,1129.06,174.41,506.55,111.75,1961.3700000000001,734.49,1320.6,382.26,141.03,749.66,575.84,419.0,4.133333333333334,3.3333333333333335,3.9838709677419355,4.171875,4.125,4.0,4.0,4.026315789473684,4.020833333333333,4.390625,4.1875,3.875,4.340909090909091,4.285714285714286,4.407407407407407,13.477610339506173,10.400985725308642,10.453875821385902,13.84627025462963,15.795763888888889,13.07607494212963,11.50390239197531,12.164203013320337,14.140758584104939,13.037139033564815,16.70711009837963,12.145643807870371,12.751413089225588,11.429860008818341,8.454008916323732
2017-04-10/2017-04-16,4,2,17,6,43,46,7,26,3,69,25,34,7,8,33,26,23,2494.35,656.13,6626.53,3184.23,777.64,2350.86,211.9,8382.2,3443.59,6650.99,817.5,793.49,2730.92,3703.82,2508.92,449.88,97.02000000000001,844.84,754.85,91.47,508.15999999999997,37.5,1574.73,565.86,664.37,143.59,136.88,605.72,486.59000000000003,377.35,4.235294117647059,3.8333333333333335,4.3023255813953485,4.239130434782608,4.714285714285714,4.384615384615385,3.3333333333333335,4.144927536231884,3.88,3.823529411764706,3.7142857142857144,4.125,3.5454545454545454,3.9615384615384617,4.3478260869565215,12.807562636165576,10.527108410493826,13.025042797157624,13.377038295088566,12.05938988095238,12.85033920940171,7.347060185185185,13.941877180622653,13.929927777777777,10.825877246732025,14.227992724867724,8.723334780092593,12.589054082491582,13.882235576923078,10.521837258454108
2017-04-17/2017-04-23,4,3,13,14,64,74,17,29,0,135,50,40,18,11,40,21,17,2035.67,1125.26,8249.08,8002.97,1817.99,2802.08,0.0,11538.87,10772.57,6778.81,3225.11,959.5400000000001,5197.39,2727.6,2379.87,288.5,253.46,1141.38,1134.58,313.6,676.68,0.0,2486.66,1037.7,784.08,506.07,213.14,850.62,450.48,357.39,4.3076923076923075,4.0,4.15625,4.1891891891891895,3.823529411764706,4.137931034482759,4.078921429040808,3.7333333333333334,3.82,4.05,3.888888888888889,4.636363636363637,3.975,3.9523809523809526,3.588235294117647,17.052812499999998,17.258869874338625,11.458421766493055,12.63572165915916,12.506098856209151,10.869271631545338,0.0,12.43857647462277,11.403387962962963,14.61037355324074,11.813146219135803,13.507987163299664,12.080912037037036,10.610082120811288,11.779113562091503
2017-04-24/2017-04-30,4,4,22,16,63,90,9,31,2,91,70,54,30,11,46,23,21,4590.09,1250.94,8846.53,5422.23,531.68,2734.97,34.0,9279.11,5122.55,10916.25,4283.51,1449.33,5144.62,3558.35,2691.03,589.07,304.51,1075.49,1475.98,153.72,636.5,21.92,1893.64,1217.4,1103.5,821.71,221.56,978.4,531.37,360.61,3.772727272727273,4.0625,4.0476190476190474,3.7333333333333334,4.555555555555555,4.483870967741935,4.0,4.076923076923077,4.414285714285715,4.296296296296297,4.066666666666666,3.727272727272727,4.391304347826087,4.3478260869565215,4.285714285714286,17.78418665824916,10.328295717592592,11.714847883597882,11.743266332304527,8.293247170781893,12.710192652329749,4.577019675925926,11.35349537037037,12.445985945767196,10.780504758230451,11.986334490740742,8.883325968013468,10.844729267310788,11.672700785024153,14.75485229276896
2017-05-01/2017-05-07,5,1,24,23,82,88,20,36,2,136,64,56,26,13,58,32,27,2707.85,1711.76,10734.84,6816.53,3486.46,2907.27,166.9,10362.32,5266.3,11205.43,2447.81,1319.17,6873.86,8029.84,3363.64,620.4399999999999,371.65000000000003,1425.65,1409.77,350.67,570.54,52.53,2403.61,1124.48,1165.58,547.89,242.76,1184.14,775.91,489.35,3.7083333333333335,4.0,4.109756097560975,4.1022727272727275,4.8,4.305555555555555,2.5,4.176470588235294,4.40625,4.089285714285714,3.6923076923076925,4.769230769230769,4.051724137931035,4.34375,4.518518518518518,12.365335165895061,13.259186795491145,12.258787968608852,10.962728061868686,13.703345486111113,13.057791280864198,12.305231481481481,12.327392599400872,12.340702582465278,12.090552041997356,11.955993144586895,23.337901531339032,11.120642959770116,11.984170645254629,12.770096450617283
2017-05-08/2017-05-14,5,2,19,22,75,136,14,32,3,126,51,74,37,11,46,34,40,3105.3500000000004,1871.51,12186.68,17338.58,1058.37,2753.75,53.879999999999995,11558.15,4096.63,13402.68,4876.37,2830.5499999999997,4151.06,5185.98,3924.8,407.88,422.58,1693.03,2614.86,217.04,569.29,36.29,2518.43,889.64,1497.33,841.1700000000001,378.19,939.9,827.61,659.5,4.473684210526316,4.5,3.96,4.132352941176471,4.714285714285714,4.25,5.0,3.3968253968253967,4.490196078431373,4.351351351351352,4.216216216216216,4.454545454545454,4.673913043478261,4.323529411764706,4.425,12.161650219298245,10.99041508838384,11.596469444444443,12.383801657815905,7.841070601851852,11.188087745949074,11.709988425925927,12.372504592886537,14.710793391430647,13.540463744994994,10.696921296296296,9.986696127946129,11.34701514694042,14.570664828431372,11.91138425925926
2017-05-15/2017-05-21,5,3,23,18,79,135,15,53,6,178,99,103,13,12,67,31,38,3841.62,1267.32,12386.41,10436.09,5839.66,6288.86,306.4,18236.09,8647.45,20151.46,1275.54,790.44,9638.59,3939.48,3450.06,681.6,319.82,1354.97,2129.36,270.24,1111.07,86.99,3812.34,1875.95,2051.94,280.61,216.3,1398.62,718.87,581.29,4.043478260869565,4.444444444444445,4.253164556962025,4.103703703703704,3.533333333333333,3.7547169811320753,4.666666666666667,4.095505617977528,4.0606060606060606,4.300970873786408,4.230769230769231,4.666666666666667,3.91044776119403,3.774193548387097,4.447368421052632,12.320062399355878,11.096724537037037,10.736557372245663,11.58635476680384,9.327329475308641,12.169685534591196,10.726440972222223,11.723657407407408,13.18767220819304,11.310981436533622,11.09406606125356,14.076835455246915,13.8580565920398,10.772837514934288,14.260491288986355
2017-05-22/2017-05-28,5,4,25,18,88,96,20,41,4,127,71,67,14,6,65,29,39,3539.2,1620.08,13435.550000000001,10338.31,10783.73,3934.5899999999997,344.31,13104.75,7335.69,12339.13,1788.25,399.96000000000004,5016.79,3733.2000000000003,4924.4800000000005,596.08,291.25,1758.92,1523.27,640.11,925.85,81.92999999999999,2767.16,1268.92,1288.38,361.96,138.14,1126.25,694.11,715.53,4.04,3.888888888888889,4.2272727272727275,4.416666666666667,4.6,4.121951219512195,5.0,4.141732283464567,4.267605633802817,4.2835820895522385,4.357142857142857,4.0,4.384615384615385,3.689655172413793,4.461538461538462,8.701758333333334,10.240477752057613,11.389769965277777,13.119751157407407,12.644905092592593,12.167631831526649,10.50705150462963,12.84064769247594,11.044459115805946,13.534458609729132,13.892519841269841,15.476030092592593,12.650735754985755,12.389067289272031,14.07767331433998
2017-05-29/2017-06-04,5,5,21,18,98,123,29,49,1,114,87,87,15,20,43,27,35,3735.95,2573.26,13984.94,13468.62,12521.53,5380.12,25.9,9664.83,8234.58,21103.95,2025.42,1449.64,5754.46,3714.34,4713.24,434.38,404.86,1786.61,1818.53,641.78,977.64,7.78,2018.0,1481.14,1937.53,386.62,288.24,852.55,560.23,646.2,3.761904761904762,3.888888888888889,4.051020408163265,4.008130081300813,4.689655172413793,4.285714285714286,5.0,4.105263157894737,4.344827586206897,4.2988505747126435,3.6,4.25,4.534883720930233,4.296296296296297,4.514285714285714,13.088459545855379,11.915830118312758,12.304974962207105,12.583105803974705,12.826900542784164,11.64908234126984,18.503506944444446,12.344503837719298,13.670393385483184,13.106552123243933,16.06161574074074,11.987442708333333,12.346667474160206,12.866756687242798,11.859801587301588
2017-06-05/2017-06-11,6,1,25,11,87,115,18,40,3,183,85,70,11,27,57,35,46,3240.72,1175.39,12036.1,11960.17,2039.44,4374.75,107.39,13019.550000000001,9668.37,14140.29,1344.45,1481.95,7667.6900000000005,4454.43,4847.6900000000005,477.98,244.62,1395.1,1856.3799999999999,359.21999999999997,1078.66,44.59,3399.19,1572.76,1193.83,281.49,426.93,1332.8,777.98,910.2,3.84,3.3636363636363638,4.149425287356322,4.28695652173913,3.8333333333333335,4.15,4.666666666666667,4.26775956284153,4.470588235294118,4.214285714285714,4.363636363636363,4.518518518518518,4.2105263157894735,3.9714285714285715,4.1521739130434785,9.854369907407408,13.039764309764308,13.752371620902512,11.500059380032205,12.451300797325104,11.280293402777778,73.45417438271605,12.247083143594415,11.478417483660131,13.15847123015873,9.941332070707071,11.627248371056242,11.74783422677063,13.245740410052909,12.946122433574878
2017-06-12/2017-06-18,6,2,24,21,73,125,15,38,1,121,78,67,15,7,65,28,23,11665.94,2011.4,9076.55,10630.55,2339.59,3455.01,149.9,9721.56,5709.93,10989.26,1835.67,1037.83,6580.33,2126.63,2503.59,560.93,268.51,1206.13,1969.79,311.53,829.46,21.89,1936.31,1441.27,1217.8600000000001,464.05,297.31,1377.8799999999999,524.82,347.21,3.7916666666666665,3.3333333333333335,4.315068493150685,3.96,4.4,4.0,5.0,4.239669421487603,3.8846153846153846,4.059701492537314,4.133333333333334,4.857142857142857,4.584615384615384,4.428571428571429,4.521739130434782,12.757633584104939,12.344688051146385,13.60958935819381,11.355731481481481,11.224038580246914,15.428603192007799,8.909988425925926,12.133102904040404,16.218949281813863,12.31852387368712,7.02060725308642,10.767741402116402,11.336486467236467,12.91808738425926,9.77737117552335
2017-06-19/2017-06-25,6,3,23,12,62,70,22,19,0,114,79,66,23,6,35,11,23,5255.91,1095.07,9003.12,4599.77,3683.1400000000003,1551.0700000000002,0.0,10033.22,7122.11,10176.56,2826.86,589.02,4280.8,1598.88,2220.9900000000002,435.34,198.07999999999998,1373.36,1143.15,393.36,414.96,0.0,3056.27,1693.44,1371.11,652.35,120.15,956.9300000000001,259.40000000000003,368.39,4.260869565217392,3.9166666666666665,4.161290322580645,4.442857142857143,4.045454545454546,4.2105263157894735,4.078921429040808,4.035087719298246,3.962025316455696,4.363636363636363,4.043478260869565,5.0,4.485714285714286,4.7272727272727275,4.086956521739131,11.328100342190016,13.146537422839506,13.067186379928316,12.551492394179894,12.705286721380473,11.324686890838208,0.0,13.339057220597791,12.658368055555556,11.89994598765432,13.950255132850241,12.29901813271605,14.343941137566137,7.46493792087542,12.396403985507247
2017-06-26/2017-07-02,6,4,24,10,70,64,12,23,0,131,98,86,21,10,58,27,28,3289.06,1416.57,8707.94,9143.19,1707.17,2046.8600000000001,0.0,14651.17,7987.96,13801.69,2506.48,497.13,6356.17,4078.62,2221.13,537.47,256.89,1202.07,1315.83,222.63,441.47,0.0,2420.99,1890.41,1698.51,593.49,161.82999999999998,1128.21,610.13,410.40999999999997,4.25,4.2,4.285714285714286,4.1875,4.5,4.086956521739131,4.078921429040808,4.099236641221374,4.051020408163265,4.372093023255814,4.190476190476191,4.1,4.482758620689655,4.555555555555555,4.571428571428571,11.195536265432098,9.27774537037037,12.267712962962962,12.57110640914352,15.689875578703704,13.026624396135265,0.0,12.799437022900763,11.80997011999244,13.646954134366926,11.01041832010582,10.907177083333334,12.141240221902937,12.060961934156378,15.638568948412699
2017-07-03/2017-07-09,7,1,19,26,66,100,22,43,4,180,59,72,36,20,74,23,35,1848.5,1901.68,7556.71,11125.53,2577.34,4412.84,298.88,17623.3,4619.84,17530.97,4890.81,1706.16,5955.96,2727.44,5379.17,379.75,461.28999999999996,1070.21,2268.54,390.04,927.04,82.25,3216.17,1110.72,1567.6599999999999,1136.58,374.21000000000004,1462.07,662.1800000000001,544.29,4.2631578947368425,4.615384615384615,4.424242424242424,3.88,3.6363636363636362,3.441860465116279,4.5,4.3,4.389830508474576,4.111111111111111,4.138888888888889,3.5,4.405405405405405,4.521739130434782,4.428571428571429,13.123076876218324,11.423938746438747,10.64484252244669,12.12177673611111,11.959718539562289,12.099839039621017,22.690078125,12.552783886316872,9.86637888418079,12.605113490226337,12.763929398148148,14.583491319444445,14.24958348973974,12.789060990338164,12.672420304232805
2017-07-10/2017-07-16,7,2,27,27,106,107,16,47,5,178,60,96,36,20,76,25,44,2043.73,2636.8,7754.82,10096.1,3098.19,4163.97,391.28,18181.1,6517.85,17533.49,4739.91,1456.45,8121.57,2355.31,4021.86,504.97,447.59000000000003,1468.33,1950.43,398.57,947.98,76.49,3587.17,1321.47,1876.1,1163.03,426.42,1868.8999999999999,609.17,820.56,4.296296296296297,4.444444444444445,3.547169811320755,4.205607476635514,4.625,4.468085106382978,4.6,4.168539325842697,4.116666666666666,4.229166666666667,4.0,3.45,4.2631578947368425,4.44,4.636363636363637,11.342320387517146,10.99775505829904,12.26264784241789,11.085837551921081,16.751765046296295,12.003239016942475,13.078175925925928,12.295385065543071,11.779025848765432,12.778047477816358,12.170667438271604,12.497987268518518,11.854469267787525,12.055683796296297,11.40468066077441
2017-07-17/2017-07-23,7,3,28,32,94,110,21,43,4,215,76,90,39,15,67,76,30,4095.27,4934.29,9705.49,12880.87,2940.59,3019.76,368.4,22996.86,6620.84,13608.35,5598.05,1021.78,6075.04,7017.14,3447.95,497.11,695.34,1479.56,1898.96,339.13,709.5,61.73,4182.74,1207.68,1479.1399999999999,1122.71,293.43,1141.74,1508.95,629.87,4.357142857142857,4.3125,3.9574468085106385,4.1909090909090905,4.761904761904762,4.023255813953488,5.0,3.916279069767442,4.2105263157894735,4.055555555555555,3.769230769230769,4.0,4.253731343283582,3.8421052631578947,4.133333333333334,12.755999917328042,13.854165943287038,17.300876305161545,14.511085437710438,11.936057649911817,14.427443744616708,14.583920717592592,12.513549956933677,11.718653143274855,12.642334619341563,13.506689518043686,9.859478395061728,14.852076077943615,12.613667458576998,14.486551311728395
2017-07-24/2017-07-30,7,4,24,19,73,122,29,35,5,197,92,60,47,9,89,24,37,1733.22,2465.75,11446.03,10975.88,4218.9,2547.43,363.35,17932.82,6729.92,11282.6,5218.39,791.4,11778.37,2478.18,4548.56,544.33,334.15,1496.64,1946.26,555.48,523.71,118.52,3865.91,1774.79,1199.75,1329.29,166.56,1573.0,522.66,611.76,4.083333333333333,4.421052631578948,4.191780821917808,4.155737704918033,4.0,4.628571428571429,4.6,4.1725888324873095,4.434782608695652,3.9833333333333334,4.212765957446808,3.6666666666666665,4.157303370786517,4.416666666666667,4.72972972972973,14.16420380015432,12.217798489278753,12.247175450279046,13.44765881147541,10.8032187899106,11.740355158730159,9.074131944444444,12.727149722692234,12.233878824476651,13.235738425925925,13.579429915287628,7.458648405349795,12.589617405326676,12.900394965277778,11.694168856356356
2017-07-31/2017-08-06,7,5,44,20,78,126,26,38,5,159,95,108,21,16,78,40,44,7313.1,3902.86,8823.03,10626.95,4574.77,2751.54,365.98,14475.43,8784.26,17559.11,2344.48,3564.87,8263.67,2935.85,4052.54,1131.91,536.04,1355.48,1928.61,527.19,818.38,114.99,2966.47,1779.49,1915.66,678.49,350.03,1753.8,729.25,841.59,4.363636363636363,3.95,4.153846153846154,4.182539682539683,4.346153846153846,4.2894736842105265,4.8,4.176100628930818,4.08421052631579,4.4907407407407405,3.9523809523809526,4.3125,4.294871794871795,4.425,4.568181818181818,10.86475773358586,13.952454282407407,12.161012583095916,12.810626377865962,9.155020922364672,12.883718019005848,6.769768518518518,13.169602405078033,13.96723075048733,11.002914094650205,11.68844852292769,11.942778501157408,12.940578703703704,11.734702546296296,10.667287720959596
2017-08-07/2017-08-13,8,1,16,18,86,99,18,43,9,226,97,97,35,20,80,42,24,3457.3,2671.52,12721.13,10261.22,2524.72,4405.4800000000005,288.42,18719.47,10026.0,17891.22,3927.11,1380.55,8329.28,4792.29,2939.42,628.4399999999999,389.11,1563.55,1798.28,350.97,924.41,147.36,4259.3,1633.98,1971.85,877.65,304.87,1479.25,821.94,435.36,4.0625,4.666666666666667,4.313953488372093,4.222222222222222,4.277777777777778,4.465116279069767,5.0,4.212389380530974,4.608247422680412,4.56701030927835,4.114285714285714,4.1,4.35,4.285714285714286,4.708333333333333,13.131216001157409,12.898882458847735,12.553921861541774,13.700914001122335,17.101268004115227,13.218926571920758,9.252011316872428,13.37665227589315,14.191383877434134,11.554443489881635,18.407965608465606,13.025041087962961,12.182390480324074,13.650580357142857,16.627659143518517
2017-08-14/2017-08-20,8,2,37,23,91,106,26,50,7,204,71,82,27,6,90,66,30,3197.07,4637.16,12925.58,9005.65,4304.56,3690.76,283.76,21140.57,5949.79,11012.96,3388.08,353.08,7287.62,7682.5,2628.86,710.05,650.67,1518.9,1710.74,509.64,749.9499999999999,107.41,4024.87,1326.68,1420.03,1033.33,99.66,1493.86,1376.4,479.57,4.162162162162162,4.217391304347826,4.274725274725275,4.09433962264151,4.384615384615385,4.28,4.714285714285714,4.161764705882353,4.154929577464789,4.402439024390244,4.444444444444445,4.666666666666667,4.455555555555556,4.196969696969697,3.933333333333333,12.890039727227228,15.03650714573269,10.92357905982906,12.762730171208945,12.059409722222224,12.334935648148148,10.97578373015873,12.702622662490922,12.157959702660406,11.524996047877146,13.844684499314129,12.16953125,13.69882510288066,12.915264976150391,11.682049768518517
2017-08-21/2017-08-27,8,3,19,29,78,102,36,36,5,195,58,92,23,19,71,29,29,1849.76,2738.07,8207.72,9463.6,2424.11,2478.69,194.59,16966.87,5746.74,14370.24,2312.03,2438.6400000000003,6491.32,3849.95,2955.35,337.45,598.93,1168.81,1587.83,642.99,598.68,73.47999999999999,3579.15,1098.43,1880.52,500.7,503.95,1270.43,658.95,508.81,4.105263157894737,4.448275862068965,4.346153846153846,4.284313725490196,4.388888888888889,4.305555555555555,4.6,3.9743589743589745,4.275862068965517,4.336956521739131,4.478260869565218,4.2105263157894735,4.28169014084507,4.0,4.206896551724138,9.068517909356725,12.477709131545339,13.476826477920227,12.215650531045751,14.148356159979423,13.690199974279835,9.362782407407407,13.482129332858499,14.895113346104726,12.871462988123994,8.713244263285024,10.517387305068226,11.429796394105374,12.499455220306514,14.146148627075352
2017-08-28/2017-09-03,8,4,19,29,102,123,41,35,4,178,102,105,21,21,72,69,34,1665.7,5254.03,9973.15,44355.3,5637.84,3525.69,243.97,16993.73,11601.66,21345.55,3124.04,3906.25,6912.96,5932.87,4394.0,311.0,703.65,1566.16,2852.94,716.45,717.02,56.78,3448.4,2058.34,1928.94,750.07,536.15,1353.96,1597.02,662.96,4.473684210526316,4.103448275862069,4.284313725490196,4.471544715447155,4.536585365853658,4.057142857142857,4.5,4.337078651685394,4.421568627450981,4.333333333333333,4.285714285714286,4.428571428571429,4.305555555555555,4.202898550724638,4.764705882352941,14.067985501949318,11.37239543422733,12.453075753449527,11.164346582354712,11.050309677055104,12.946056216931217,15.659013310185184,12.679341708281315,12.362151075708061,12.185235008818342,8.359332561728396,13.03103229717813,12.810087609310699,13.005074979871177,16.79425653594771
2017-09-04/2017-09-10,9,1,12,23,105,123,25,41,3,153,60,84,21,16,69,46,40,2626.09,2901.9,13139.02,35609.880000000005,3027.69,3180.76,127.47,14979.87,6570.48,12649.2,2380.9900000000002,1222.15,8188.46,5803.15,3035.7400000000002,475.49,482.95,2070.49,2667.9,364.5,697.04,45.36,3137.93,1289.01,1565.44,448.78,305.04,1295.65,1021.14,685.54,4.583333333333333,4.565217391304348,4.076190476190476,4.40650406504065,4.52,3.8292682926829267,5.0,4.215686274509804,4.2,4.154761904761905,4.333333333333333,4.375,4.27536231884058,4.108695652173913,4.05,17.11230709876543,12.026917270531403,13.489686287477953,12.730960930442638,13.250977314814815,14.43864272809395,18.33488425925926,11.187970830307432,11.64460223765432,12.523230406746032,13.163089175485007,13.051304253472221,12.674660997047772,11.952366394927537,14.646866898148147
2017-09-11/2017-09-17,9,2,19,42,120,111,23,62,7,210,87,100,23,14,101,59,60,1793.31,7255.88,14945.35,16957.85,3142.85,6749.56,251.95,20657.77,8951.98,16901.67,2032.18,1683.77,8836.86,9337.72,5627.58,353.17,896.5500000000001,2303.55,2294.06,409.52,1246.74,83.78999999999999,4233.28,1727.14,1808.85,583.65,174.96,1747.09,1432.97,1199.86,4.2631578947368425,4.0476190476190474,4.075,3.891891891891892,4.0,4.112903225806452,4.428571428571429,4.019047619047619,4.264367816091954,4.32,3.5217391304347827,4.071428571428571,4.2772277227722775,4.135593220338983,3.9833333333333334,14.185996588693959,12.676964836860671,12.44033063271605,11.333031677510846,12.51034923510467,14.054973864994027,8.608392857142857,11.424951058201058,12.289828783524904,11.611944444444443,11.71321407004831,13.737461144179893,11.939356321048772,11.400302887633396,10.852325810185185
2017-09-18/2017-09-24,9,3,27,29,104,82,10,50,11,217,55,96,74,13,103,37,69,2553.32,2616.85,10871.949999999999,11110.92,1973.45,3848.84,688.61,19288.21,4471.31,16729.23,6780.37,982.6500000000001,13487.18,3546.44,7917.04,449.43,523.0,1880.52,1704.23,189.25,781.58,165.57,4279.18,1093.95,1877.77,1789.4,216.34,1978.18,883.28,1382.51,4.518518518518518,3.9655172413793105,4.365384615384615,4.036585365853658,4.7,4.16,3.090909090909091,4.119815668202765,4.490909090909091,4.489583333333333,4.283783783783784,4.538461538461538,4.407766990291262,4.8108108108108105,4.115942028985507,12.197052469135803,13.17491538952746,13.51394909633191,11.999593637082205,16.274616898148146,10.771227314814814,13.799276094276093,12.84250581370541,13.933987794612793,14.003046633873458,13.731548892642643,13.98426193019943,12.10356166846458,11.406504942442444,10.992854770531402
2017-09-25/2017-10-01,9,4,31,32,83,105,36,34,5,132,58,96,33,8,89,57,77,6174.93,3880.35,10371.05,27540.12,7634.17,2930.36,372.81,12982.17,7346.5,13054.72,3728.89,593.54,8220.960000000001,5814.71,8473.11,987.48,677.68,1440.39,2034.4,665.72,572.33,91.53,2566.82,1266.89,1674.74,914.75,140.61,1541.74,1186.65,1404.7,3.193548387096774,3.875,4.397590361445783,3.942857142857143,4.277777777777778,4.176470588235294,5.0,4.0606060606060606,4.137931034482759,4.208333333333333,4.181818181818182,3.375,4.303370786516854,3.9473684210526314,4.597402597402597,11.037919653524492,11.71367404513889,15.256007083891118,12.477146604938271,11.35054944701646,16.93675551470588,12.957018518518518,11.822442304994388,13.041458333333333,13.23548900462963,12.897020903479236,11.25013744212963,11.692171374323763,11.590631091617933,10.571824044011544
2017-10-02/2017-10-08,10,1,32,26,84,128,18,39,13,168,49,103,32,13,103,86,81,5634.08,2700.55,9788.380000000001,23041.63,977.21,3174.02,755.45,13691.99,5629.72,20098.78,4052.7000000000003,2437.0,11826.62,8632.6,7552.68,870.5,550.2,1745.05,2135.89,278.7,814.63,203.51,3404.89,1019.98,2082.35,874.4,258.99,1990.57,2004.53,1377.82,4.09375,4.615384615384615,4.2023809523809526,4.0390625,4.722222222222222,4.076923076923077,4.769230769230769,3.7916666666666665,4.122448979591836,4.077669902912621,2.59375,3.8461538461538463,4.233009708737864,4.127906976744186,4.246913580246914,14.36462962962963,13.322112268518518,13.287447503306877,11.981243489583333,15.058868955761316,11.9496569325736,20.096132478632477,11.761775104717813,13.770574452003023,14.565632416396978,11.417234519675926,13.918693019943019,11.683187927004674,13.032416020671835,11.922780064014631
2017-10-09/2017-10-15,10,2,34,29,104,127,30,40,4,186,62,119,31,12,86,46,61,4337.37,2771.35,9764.95,23452.44,3597.1,4112.37,192.95999999999998,17324.09,5932.34,22144.11,3642.88,1473.3600000000001,8652.41,6230.01,7796.34,690.0500000000001,741.35,1878.94,2400.71,454.04,704.28,71.57,3934.32,1178.47,2309.94,1021.7,209.26,1525.96,1280.9,1213.52,3.911764705882353,4.0344827586206895,4.25,4.21259842519685,3.5,4.15,4.75,4.182795698924731,4.193548387096774,4.151260504201681,3.5483870967741935,4.25,3.9186046511627906,3.847826086956522,4.426229508196721,16.690752314814816,13.658029214559386,11.526565949964388,12.174743274278214,11.31247839506173,13.180044849537037,10.420439814814815,12.824269651035443,16.282536775686978,13.472672735760971,13.59599761051374,13.85229648919753,12.624661794788976,11.475875603864734,12.805561437462051
2017-10-16/2017-10-22,10,3,28,28,123,147,37,44,11,251,82,149,37,15,81,50,43,5021.73,3745.96,14546.54,17996.56,6237.37,4056.65,1704.92,20581.59,7930.81,28664.16,4960.58,905.58,9451.41,3996.65,4947.06,760.41,732.78,2416.3,2832.58,718.9,914.23,226.19,4651.4800000000005,1557.52,3063.66,1101.06,302.44,1483.72,1087.68,676.94,4.607142857142857,3.892857142857143,4.382113821138211,4.122448979591836,4.4324324324324325,4.545454545454546,4.636363636363637,3.4342629482071714,4.134146341463414,4.315436241610739,3.945945945945946,4.2,4.160493827160494,4.48,4.4186046511627906,12.557149884259259,13.204690393518518,12.141215748268593,12.863478048626858,11.840386636636635,13.939152988215488,10.787566287878787,11.78527768555408,11.450069162149955,12.725270476012925,12.362840653153153,16.202639660493826,12.071359882258802,11.738063425925924,10.292171888458226
2017-10-23/2017-10-29,10,4,20,14,113,116,27,33,5,191,49,123,46,11,76,49,46,2521.07,2197.35,11018.64,20949.22,4643.19,2327.17,510.21000000000004,16389.0,4641.76,24128.47,5676.1900000000005,1023.09,7212.0,5147.48,5574.86,295.69,245.29,1847.85,2488.05,555.02,514.34,83.28999999999999,3705.77,1051.84,2591.13,1410.01,208.91,1300.98,995.69,784.23,4.05,4.714285714285714,4.433628318584071,4.2155172413793105,4.185185185185185,4.03030303030303,4.6,4.109947643979058,4.163265306122449,4.154471544715447,3.347826086956522,4.454545454545454,4.421052631578948,4.448979591836735,4.434782608695652,11.660825810185184,10.6196875,12.733815859554245,11.596960308908045,12.148165723593964,12.379755541526375,15.315506944444445,13.558547362807833,11.004516959561602,11.910853658536587,12.183540911835749,10.788722643097644,12.516566764132554,10.660262424414212,12.279288194444444
2017-10-30/2017-11-05,10,5,19,25,81,122,37,40,11,153,55,96,46,6,80,71,29,2328.58,2184.2,10192.02,27776.82,5527.27,2903.78,1234.58,13943.14,5407.19,18958.59,5722.11,1232.8600000000001,9125.62,7305.26,5324.68,578.49,471.98,1718.95,2453.07,675.88,612.16,182.58,2909.14,983.52,1942.98,1347.96,92.55,1283.04,1445.14,755.34,4.052631578947368,4.2,4.098765432098766,3.9508196721311477,4.405405405405405,4.15,4.454545454545454,3.9019607843137254,4.054545454545455,4.3125,3.630434782608696,3.6666666666666665,4.125,4.056338028169014,4.448275862068965,12.353923611111112,12.92602361111111,12.389832104481025,12.50624250531269,12.010739489489488,12.51352806712963,14.652384259259259,13.111530047204067,10.5724132996633,15.150686969521606,11.779465579710145,16.19673611111111,11.36994212962963,13.812625032603027,15.000475335249043
2017-11-06/2017-11-12,11,1,38,28,105,153,24,43,5,230,62,139,36,16,87,67,48,3324.63,2718.46,11500.04,16319.36,1878.13,2984.37,229.89,20167.75,6122.8,25445.12,5422.43,1692.22,10187.69,7504.3,5849.3099999999995,678.3,613.97,1589.38,2616.37,439.87,741.4399999999999,62.11,4669.98,1198.13,2771.86,1095.57,252.16,1670.15,1596.72,926.92,4.2105263157894735,4.321428571428571,4.0476190476190474,4.006535947712418,4.333333333333333,3.9767441860465116,4.8,3.973913043478261,4.129032258064516,4.057553956834532,4.138888888888889,4.0625,4.494252873563219,3.8805970149253732,4.5,10.52068195662768,9.796064401455027,11.455636463844797,12.156074951585573,21.019981674382716,12.018450419896642,14.409918981481482,12.02062203099839,10.54227262544803,12.889892419397816,14.313163580246915,12.676436631944444,12.266087430821626,12.461088653952459,11.167975983796296
2017-11-13/2017-11-19,11,2,33,47,113,139,21,45,18,254,74,134,61,14,79,94,59,4138.39,4266.85,14753.8,13550.44,3312.46,5317.83,628.67,20429.12,6968.11,21188.33,8157.4,2492.67,9120.82,10575.1,9825.06,775.41,867.51,2061.03,2278.53,421.07,916.17,252.58,4380.37,1731.03,2636.85,2030.3799999999999,429.52,1358.42,2223.39,1171.58,4.0,3.4893617021276597,4.327433628318584,3.964028776978417,4.666666666666667,4.133333333333334,4.444444444444445,4.039370078740157,3.9864864864864864,4.119402985074627,3.459016393442623,4.928571428571429,4.430379746835443,4.0638297872340425,4.372881355932203,13.915132926487093,13.029425728920408,13.042728920845624,13.457975869304557,14.314174382716049,12.652069958847738,8.980947145061728,13.467471064814815,14.463639264264264,12.005022370784964,11.894660367334547,12.123670634920634,12.680410659868729,12.827083702718676,13.264949387947269
2017-11-20/2017-11-26,11,3,83,53,339,375,86,106,15,678,191,227,48,28,185,260,178,10621.66,7010.38,43375.8,40986.49,12484.95,7528.78,765.24,59161.36,22565.56,52809.63,5552.16,2859.13,17978.510000000002,19274.84,22082.67,1737.7,1155.45,5631.42,6851.74,1732.43,1694.01,227.67,12851.09,4326.56,4473.16,1221.06,538.39,3159.75,5588.96,3521.81,4.036144578313253,3.547169811320755,3.6666666666666665,3.792,4.023255813953488,3.669811320754717,3.6666666666666665,3.3997050147492627,3.7591623036649215,3.8370044052863435,3.9583333333333335,4.321428571428571,4.07027027027027,3.6923076923076925,3.904494382022472,10.807738732708613,12.00401292802236,11.867645580683929,13.02705601851852,12.4966945251938,11.342278782320056,11.679885802469135,12.803200641183219,13.12520342495637,12.777775075460923,10.56081814236111,11.559239417989417,13.19600588088088,12.692303552350428,11.14803968997087
2017-11-27/2017-12-03,11,4,67,37,236,272,55,62,16,379,133,157,73,24,146,117,170,11601.91,4386.89,27149.03,24629.87,8041.17,4727.43,1525.29,34718.21,13029.39,23439.93,8779.79,2495.58,15446.59,12620.63,20711.71,1458.02,686.75,4224.68,4475.62,887.77,1007.27,235.41,7634.46,2707.14,2608.95,2072.19,572.9,2647.14,2966.31,3346.9900000000002,3.91044776119403,3.72972972972973,3.9491525423728815,3.8676470588235294,3.727272727272727,3.806451612903226,3.6875,3.311345646437995,3.7142857142857144,3.929936305732484,3.684931506849315,3.5833333333333335,4.061643835616438,3.41025641025641,3.9705882352941178,12.29217851713654,13.375799862362362,12.250737798179536,11.912981685729848,13.16506165824916,11.32413362455197,10.11865306712963,12.352648203117365,13.235721073517126,12.47831998997405,11.138745402080161,10.177765239197532,12.434840975393202,11.892506430041152,12.544354098583877
2017-12-04/2017-12-10,12,1,71,34,178,237,33,53,15,228,91,158,66,19,128,97,137,10486.64,3730.7200000000003,23386.579999999998,19182.91,4397.53,5833.57,924.46,22497.920000000002,11606.789999999999,28192.29,6889.65,1590.96,14536.39,10870.65,16764.09,1634.21,625.38,2826.75,3855.0499999999997,565.68,954.85,237.32,4762.71,1904.66,2739.55,1547.69,411.55,2582.68,2406.45,2330.28,4.211267605633803,3.735294117647059,4.213483146067416,4.0210970464135025,4.03030303030303,4.188679245283019,4.6,3.8421052631578947,3.978021978021978,4.113924050632911,3.515151515151515,3.736842105263158,3.984375,3.804123711340206,3.7883211678832116,12.200113295513825,12.891279616013072,12.928128771327508,12.62524012541022,10.239471801346802,11.194110761705101,14.638466049382716,12.914183977014297,11.968536833536833,12.43002490623535,11.6939979657688,15.259861720272905,12.528577202690972,12.356343547155404,12.390945863746959
2017-12-11/2017-12-17,12,2,75,26,152,151,45,47,17,171,67,144,63,16,108,85,85,8679.01,4810.72,25545.65,18962.23,3908.4,4544.43,872.22,14863.18,5815.78,22609.98,7531.13,1919.96,14315.58,7955.84,9186.64,1462.26,450.81,3024.62,2793.2,720.61,770.29,236.39,3140.29,1273.84,2521.32,1469.03,387.06,1975.55,1874.1,1425.6399999999999,3.8266666666666667,4.346153846153846,4.309210526315789,3.8741721854304636,4.2444444444444445,3.851063829787234,4.470588235294118,3.9883040935672516,3.970149253731343,4.055555555555555,3.857142857142857,4.3125,4.175925925925926,3.5294117647058822,3.8705882352941177,12.943398148148148,15.313908475783476,13.171245659722222,12.94540677888153,13.766503600823045,12.273832003546099,16.113001770152508,13.002460675222006,13.38902259535655,12.692228250385803,12.43967776308054,9.768806423611112,11.640078446502057,12.961440223311547,13.612297385620915
2017-12-18/2017-12-24,12,3,39,25,90,127,31,25,11,167,59,83,46,9,69,47,36,7864.92,2761.7599999999998,7633.82,9125.93,3345.9,2559.57,384.3,16576.95,6947.81,12666.97,4334.66,927.69,6336.84,4370.06,5219.3099999999995,909.8199999999999,439.33,1412.22,2375.85,466.08,534.39,140.99,3158.88,1107.85,1410.0,810.55,166.77,1270.76,1168.89,1002.0300000000001,3.6923076923076925,3.8,3.988888888888889,4.118110236220472,4.483870967741935,4.36,3.909090909090909,4.1017964071856285,3.864406779661017,4.132530120481928,4.304347826086956,4.777777777777778,4.130434782608695,4.042553191489362,4.25,13.18704297245964,10.961358796296297,13.016332047325104,12.35404946777486,12.813712290919952,14.679190740740742,17.444908459595958,13.681092329230427,13.855430790960453,12.79668144801428,12.303844102254429,9.5555954218107,13.387248221953838,13.774277974783296,11.134130015432099
2017-12-25/2017-12-31,12,4,16,13,75,119,30,45,6,136,38,79,40,11,51,70,26,1656.04,1217.53,7343.25,9187.6,2005.66,3504.36,312.76,10986.4,4961.53,12550.12,3931.83,1183.06,5539.15,6328.9,4736.55,263.93,267.6,1141.6,1935.75,415.84999999999997,812.74,90.84,2456.86,996.41,1402.25,784.41,165.36,1009.76,1479.29,612.17,4.0,4.230769230769231,4.013333333333334,4.218487394957983,4.533333333333333,4.2,4.333333333333333,3.948529411764706,4.2368421052631575,4.329113924050633,4.25,4.636363636363637,3.980392156862745,4.3,4.038461538461538,10.128991608796296,11.0319301994302,10.557451543209877,12.359041783380018,13.516503472222222,13.840644290123457,20.334859182098764,12.38152709694989,12.118675377680312,14.878620634083449,13.449699652777777,13.243613215488216,13.055651098402326,12.563897486772486,11.419874910968662
2018-01-01/2018-01-07,1,1,41,41,117,198,38,38,22,267,82,111,113,18,78,49,35,5559.12,5546.14,11392.18,20484.37,4804.14,3408.23,1052.6200000000001,25390.31,12945.01,19703.56,13276.01,2874.86,8801.66,5520.1,5287.76,922.37,800.6,1796.48,3427.38,634.99,749.64,313.21,5181.6,1819.6,2176.38,2223.53,336.66,1423.65,1196.43,637.8199999999999,4.390243902439025,3.5609756097560976,4.299145299145299,3.904040404040404,4.605263157894737,4.2894736842105265,3.590909090909091,3.853932584269663,4.2073170731707314,4.135135135135135,4.274336283185841,4.166666666666667,4.32051282051282,4.040816326530612,3.742857142857143,9.992211495031617,12.11746358401084,12.845512424817981,12.716273148148149,14.869939997563353,12.217645894249513,10.199055134680135,12.33097599354973,13.520385331978321,13.111163038038036,14.60226186086529,11.655449459876543,12.570047780151945,14.333566468253967,11.291119708994708
2018-01-08/2018-01-14,1,2,39,48,175,285,41,57,22,291,101,140,136,20,139,76,34,6321.17,6001.52,17689.04,27230.22,6089.02,4703.91,771.04,27900.010000000002,16664.9,24756.11,15175.61,2586.25,19909.89,8591.4,6284.95,825.71,950.63,2868.82,5129.65,845.52,1073.25,339.40999999999997,5531.21,2242.7,2418.86,3130.69,391.73,3280.96,1623.65,704.64,4.435897435897436,3.5,4.194285714285714,3.912280701754386,4.463414634146342,4.43859649122807,4.363636363636363,3.9553264604811,3.910891089108911,4.014285714285714,3.963235294117647,3.9,3.9136690647482015,4.065789473684211,4.235294117647059,12.190859745963913,13.555560378086419,13.611927447089947,12.38524654808317,14.785462398373985,12.228838734567901,14.134604903198653,12.13334685630648,11.612924000733408,12.503568369708994,12.607353622004357,9.932719907407407,11.283157474020785,13.042347252680312,11.015672998366014
2018-01-15/2018-01-21,1,3,67,38,171,281,37,66,7,289,89,147,93,18,118,62,25,8198.41,4478.43,17678.94,23073.41,7895.33,8433.44,255.41,25334.72,12161.56,23088.76,10627.78,1844.93,17510.260000000002,6980.57,3114.95,1288.18,894.62,2806.5,5030.17,671.08,1513.3,112.23,5725.57,2065.42,2804.37,2390.61,362.58,2454.05,1261.2,429.23,3.537313432835821,4.2894736842105265,3.818713450292398,3.775800711743772,3.7567567567567566,4.318181818181818,3.7142857142857144,4.0657439446366785,4.146067415730337,4.210884353741497,4.096774193548387,4.611111111111111,3.8220338983050848,4.370967741935484,4.36,13.302658754836926,14.266596308479533,12.810229518626812,12.760900718333993,16.88684184184184,11.364514590347923,14.7755291005291,12.298443467256185,12.619842514565129,12.076163784958428,13.194374502190364,10.275558770576133,11.817549827369742,10.407889224910393,7.646934722222222
2018-01-22/2018-01-28,1,4,45,49,179,285,34,48,20,284,101,122,81,11,109,86,27,5187.87,6855.59,21540.16,22058.49,5056.55,4713.1,1027.31,24831.49,13366.37,22778.2,7966.8099999999995,1175.48,12693.33,16273.34,2386.45,725.85,966.03,2950.76,4527.83,589.45,943.9,265.78,5315.2,1932.42,2146.48,1945.4,273.49,2071.59,2237.97,390.91,4.266666666666667,3.857142857142857,4.23463687150838,4.052631578947368,4.235294117647059,3.7916666666666665,4.25,3.757042253521127,4.158415841584159,4.147540983606557,3.753086419753086,4.090909090909091,3.770642201834862,4.104651162790698,3.5925925925925926,12.717893261316872,12.167071286848074,12.310716945996276,11.949435591293048,11.971111111111112,11.808935908564814,13.942326967592592,12.378519333594157,11.904370072423909,12.695523110200366,12.34767061042524,8.809873737373737,13.887356014271152,14.013910960378984,14.477870370370372
2018-01-29/2018-02-04,1,5,65,20,157,341,38,39,7,253,101,140,69,12,131,85,23,9093.34,2248.15,18365.84,26305.82,3476.01,3574.27,309.65999999999997,24521.86,13728.43,25364.17,6793.96,1406.08,15196.8,10404.51,1919.75,1339.8799999999999,362.89,2663.64,5732.3099999999995,549.53,706.88,83.53,4574.73,2485.07,2488.58,2064.32,419.21999999999997,2548.1,1930.26,361.64,4.0,3.4,4.273885350318471,4.0498533724340176,4.368421052631579,4.512820512820513,4.142857142857143,3.794466403162055,4.079207920792079,4.114285714285714,4.0,4.333333333333333,4.015267175572519,3.5294117647058822,4.217391304347826,12.028848112535613,13.261956018518518,12.931915030077848,12.776324264146846,9.547101303606237,13.188257656695155,10.352936507936507,12.994889154223394,12.32267441327466,10.869071511243387,10.890901771336553,17.543333333333333,13.266886220667232,10.131422794117647,11.375496678743962
2018-02-05/2018-02-11,2,1,42,31,167,328,25,45,12,234,80,124,52,15,139,108,30,8330.380000000001,2961.61,20279.56,28982.41,5671.63,4596.84,486.57,21405.18,11296.14,20937.89,6002.32,1353.98,20024.2,12219.16,3027.31,890.0,511.54,2715.55,5477.71,508.32,903.29,157.35999999999999,4257.45,1661.39,2317.58,1365.64,286.5,2854.63,2186.64,519.56,3.6904761904761907,4.129032258064516,4.1437125748503,3.8902439024390243,3.8,4.155555555555556,4.5,3.841880341880342,4.0,3.7419354838709675,3.5384615384615383,3.466666666666667,3.805755395683453,3.9444444444444446,4.333333333333333,12.996868937389772,12.531533751493429,13.466763972055888,12.36091050558943,9.14532962962963,15.419635802469136,14.37108024691358,12.811214189616969,13.491927372685186,11.558363388590202,12.99383368945869,13.821587191358024,14.029411137756462,12.893855345507545,11.165868441358024
2018-02-12/2018-02-18,2,2,83,35,181,326,39,38,16,259,121,127,37,20,123,90,29,6561.1900000000005,4729.65,20850.54,24657.52,5164.93,3065.88,786.77,23564.48,10515.25,26013.94,3731.66,1569.49,14393.92,7006.58,3002.85,1443.14,670.8,2858.11,5313.37,813.3,665.25,223.21,4615.94,2422.35,2696.21,647.51,372.54,2353.88,1975.97,438.58,4.301204819277109,3.2285714285714286,3.977900552486188,3.803680981595092,4.051282051282051,3.3947368421052633,3.6875,3.613899613899614,3.628099173553719,4.110236220472441,3.054054054054054,4.2,4.186991869918699,4.0,3.4827586206896552,16.41459964859438,11.484652447089948,12.257891983834664,12.798694685866849,13.82921118233618,15.675769675925926,14.935750144675925,12.71481097168597,12.776638448882768,12.73130850831146,10.16758133133133,10.058601273148147,12.656556383619392,11.639338605967078,14.723384818007663
2018-02-19/2018-02-25,2,3,77,47,171,422,32,50,20,234,150,146,45,20,136,72,27,10808.72,5033.6900000000005,15130.71,32994.770000000004,8152.27,4811.3,992.4399999999999,23741.100000000002,16956.27,24169.93,3959.83,2073.77,12478.18,9896.23,2292.2400000000002,1603.14,923.43,2492.07,6828.37,638.74,952.37,284.48,5024.86,3387.32,2788.98,1128.16,337.45,2261.09,1527.69,446.44,3.9220779220779223,4.212765957446808,4.350877192982456,3.414691943127962,3.96875,3.86,4.25,3.1794871794871793,3.9,3.5136986301369864,3.6,3.9,3.5661764705882355,4.041666666666667,3.925925925925926,11.463468614718614,10.315386377068558,12.697595232293697,13.592565988678253,13.703702256944444,12.883826388888888,13.559303819444443,12.998875336340614,11.81058287037037,12.22251783675799,10.64025385802469,12.18018576388889,13.122837775735293,13.283710615997942,15.278514231824417
2018-02-26/2018-03-04,2,4,59,38,216,350,43,38,23,280,127,143,94,26,161,118,47,7437.83,12384.94,33147.76,27930.25,3857.9,5894.2300000000005,1431.28,25310.56,14248.72,28519.57,11111.630000000001,2700.75,17580.49,13420.19,6375.9,1227.51,1004.68,3596.91,5739.04,753.18,707.38,297.3,5716.0199999999995,2769.68,2651.91,2578.19,578.03,2908.21,2527.42,786.53,3.3728813559322033,3.710526315789474,3.7453703703703702,3.1028571428571428,4.069767441860465,3.789473684210526,4.173913043478261,3.4857142857142858,3.921259842519685,3.5524475524475525,3.4468085106382977,3.8461538461538463,3.68944099378882,3.23728813559322,3.3191489361702127,11.379450133396109,12.255734344541912,12.484656850137174,12.30453191137566,13.568837209302327,10.011296296296296,12.996001409017714,11.981406374007937,12.708419911052784,11.972931559181559,11.79776177107959,10.255515046296296,12.14878357200368,12.45394008945386,13.809986455870764
2018-03-05/2018-03-11,3,1,51,31,194,250,27,40,15,260,112,153,82,17,140,54,35,5562.62,2919.92,27354.54,22441.99,5324.3,2548.03,713.3100000000001,22489.670000000002,15832.63,29870.93,10580.61,1247.67,18493.96,5366.93,3430.55,1174.27,626.91,4053.75,4772.92,571.71,690.69,243.84,5212.9,2421.06,3225.49,2498.32,293.49,3209.72,1179.73,680.8100000000001,3.607843137254902,3.806451612903226,3.536082474226804,3.616,3.925925925925926,3.825,4.066666666666666,3.207692307692308,3.955357142857143,3.5947712418300655,3.2195121951219514,3.823529411764706,3.6857142857142855,3.6666666666666665,3.2857142857142856,12.805616149237474,13.419616188769414,12.266840576078655,13.587726388888889,11.641144118655692,9.805905960648149,17.489367283950617,12.381498219373219,12.87051173941799,13.75698635318325,13.51383341802168,12.074668436819172,11.464863508597883,13.097746699245542,13.813500661375661
2018-03-12/2018-03-18,3,2,59,44,148,228,41,33,12,248,105,170,50,24,146,69,53,9946.44,6108.82,20465.63,24818.69,3158.64,3131.55,1291.61,22513.6,17225.58,29493.510000000002,6472.6,2229.17,14419.78,6855.38,5054.47,1434.13,916.4499999999999,2964.94,4426.6,749.14,707.04,184.65,5403.11,2267.43,3618.45,1637.71,460.21000000000004,2583.65,1967.16,1059.06,4.135593220338983,3.4545454545454546,3.5945945945945947,3.75,3.707317073170732,3.757575757575758,3.9166666666666665,3.745967741935484,3.704761904761905,3.711764705882353,3.88,3.875,3.8013698630136985,3.6666666666666665,3.641509433962264,11.92919550376648,13.58117055976431,11.909037318568569,12.574772071962313,14.761996104336044,10.993792438271605,10.450285493827161,12.905631207063918,12.96637081128748,12.885902845860565,12.32786435185185,13.351637731481482,12.400573154490107,12.724385735373053,10.95321890286513
2018-03-19/2018-03-25,3,3,80,49,154,288,46,40,16,311,134,160,62,26,116,102,46,8426.32,9611.29,13442.38,31731.99,5811.48,3524.97,1276.77,25249.170000000002,14737.29,31284.07,6290.74,3684.67,12613.86,11171.32,4957.1,1933.65,1090.25,2612.19,5127.11,792.46,762.98,242.2,6180.59,3109.57,3372.1,2066.79,609.5699999999999,2300.65,2706.09,841.25,4.0375,3.979591836734694,4.207792207792208,3.8680555555555554,4.0,4.1,3.3125,3.8263665594855305,3.791044776119403,3.8375,3.5,3.6538461538461537,3.7758620689655173,3.823529411764706,4.239130434782608,10.164940393518519,15.190298327664399,12.698061868686867,13.26640395929784,9.91260517310789,12.761474826388888,10.501361400462963,11.643998526259379,13.033119731205087,12.589478877314814,12.923167936081242,10.463661413817665,12.07243125399106,12.1725879402687,12.409682467793882
2018-03-26/2018-04-01,3,4,55,38,131,255,25,32,14,247,91,135,70,22,117,96,40,6890.77,12782.98,13266.03,23058.93,6695.349999999999,2408.8,920.47,21303.88,14914.57,24346.16,8978.7,2670.89,12398.78,14687.210000000001,4873.55,1103.84,952.85,2381.17,4358.31,547.69,625.04,190.22,5139.09,1888.77,3019.99,2061.12,575.45,2105.69,2436.27,752.21,3.909090909090909,3.4210526315789473,3.8396946564885495,3.9215686274509802,4.36,3.96875,4.714285714285714,3.554655870445344,4.164835164835165,4.318518518518519,3.5285714285714285,3.590909090909091,3.9145299145299144,3.6770833333333335,3.625,12.335101851851851,16.60904970760234,13.358608725614927,15.275538897966594,11.588152777777777,12.798490306712964,12.497001488095238,12.713443732193731,13.606443452380953,12.198734053497942,11.420491732804232,13.191780303030301,12.822680238999682,11.96851176697531,12.037664641203703
2018-04-02/2018-04-08,4,1,68,35,157,207,42,37,11,268,148,142,43,31,134,83,36,10506.48,8288.52,20642.05,19095.94,5161.44,3211.82,451.31,28059.96,21605.920000000002,28115.05,3813.24,3265.08,14475.05,11534.16,4408.52,1469.73,1107.59,3029.28,3661.44,784.8,704.8100000000001,178.29,5901.27,2768.43,3197.36,1284.54,615.55,2479.38,1970.49,758.31,4.102941176470588,3.857142857142857,4.1210191082802545,3.9565217391304346,4.285714285714286,4.513513513513513,4.363636363636363,3.8022388059701493,4.3175675675675675,4.084507042253521,4.069767441860465,3.903225806451613,4.276119402985074,3.8795180722891565,4.083333333333333,11.372641612200436,11.385601851851852,13.781440124439726,12.119430186527106,12.311242835097001,12.36016891891892,14.162210648148148,13.04130653157822,14.524779857982985,12.24594752543036,10.72320063522825,12.396982900238948,13.0002246579602,12.302727298081214,13.18607220936214
2018-04-09/2018-04-15,4,2,66,53,157,188,34,19,17,243,159,132,53,38,118,94,20,10049.79,10464.93,17375.26,22489.79,7779.42,1769.95,641.4,25502.23,26966.68,23085.57,6544.38,4755.7300000000005,13863.960000000001,9285.43,1902.34,1426.13,1231.3,2801.99,3736.01,833.06,354.53000000000003,272.78,5329.98,3677.7400000000002,2713.77,1587.56,949.09,2337.89,2287.69,355.15,4.166666666666667,3.849056603773585,4.063694267515924,3.978723404255319,4.470588235294118,4.421052631578948,3.411764705882353,3.9917695473251027,4.1572327044025155,4.159090909090909,3.7547169811320753,4.421052631578948,4.237288135593221,4.180851063829787,4.2,11.069708719135802,11.667019566736547,14.046437912833214,11.383100004925137,12.385575980392156,15.968127436647173,13.384228622004358,12.349981376695625,12.890435592825531,12.9214304503367,12.383826869322153,13.146775402046783,11.550732697740113,10.741781668636722,11.179840277777778
2018-04-16/2018-04-22,4,3,75,50,150,245,48,30,26,311,149,159,84,34,100,138,39,10077.11,11207.35,19729.77,24634.25,7204.139999999999,3873.48,3652.29,27855.97,23294.97,28400.99,9435.43,2623.19,11463.85,15455.98,4431.81,1548.08,1715.5900000000001,2845.3,4530.53,1020.69,689.5,434.61,5756.89,3778.92,3089.84,2382.2,636.2,1778.23,2401.4,789.92,4.426666666666667,4.18,4.246666666666667,4.146938775510204,4.625,4.633333333333334,4.1923076923076925,3.9260450160771705,4.053691275167785,4.056603773584905,4.238095238095238,4.5588235294117645,4.44,4.1521739130434785,4.461538461538462,14.636047685185185,15.017918287037038,13.40553086419753,12.683523904006048,10.741500771604938,9.972337191358026,11.9155698005698,12.910931657139454,12.924034613472534,11.84372918122525,11.46511574074074,11.278846337145968,12.090838310185186,11.92905193236715,9.878359745963913
2018-04-23/2018-04-29,4,4,68,34,180,189,49,53,24,272,155,207,51,32,102,104,41,8224.01,4974.65,20276.22,15739.0,8909.42,5096.43,907.81,27896.5,17853.83,28992.44,5771.46,3522.98,11742.22,16678.74,4976.97,1321.06,720.49,3202.14,3117.04,1158.3,1365.05,275.94,5623.05,3584.33,2951.62,1622.3700000000001,658.21,1979.6200000000001,2160.06,787.63,4.014705882352941,4.117647058823529,4.283333333333333,3.9735449735449735,4.428571428571429,4.320754716981132,4.583333333333333,4.055147058823529,4.212903225806452,4.4106280193236715,3.9607843137254903,4.3125,3.784313725490196,4.0576923076923075,4.390243902439025,12.954154071350763,11.834948937908496,12.42428324331276,13.890508279443464,11.779844340513984,13.645024240041929,12.409048032407407,12.773713916122004,12.215152255077658,11.871611647879766,11.56382443718228,11.912651548032407,12.607951956245461,13.867402733262109,12.277416723125564
2018-04-30/2018-05-06,4,5,65,54,234,174,61,43,25,277,140,236,37,26,109,146,45,8014.650000000001,6449.68,25928.88,16648.73,9847.539999999999,6592.8,1306.99,26707.59,21623.41,37974.86,6900.07,2688.7200000000003,14738.49,14043.4,4254.57,1335.09,1110.1100000000001,4322.85,3128.16,1368.06,904.94,393.82,5480.07,3173.48,3554.86,1343.67,506.59000000000003,1938.73,2427.27,746.18,4.569230769230769,4.111111111111111,4.3247863247863245,4.293103448275862,4.081967213114754,4.813953488372093,4.0,3.8339350180505414,4.057142857142857,4.228813559322034,4.108108108108108,4.115384615384615,4.4495412844036695,4.486301369863014,4.266666666666667,12.287547008547008,11.979681927297667,12.47133784425451,13.042847554810557,12.511399893746205,13.007169196813091,9.835665277777778,12.660746757587914,12.708640459656085,12.943668442011926,12.239926176176176,12.778036413817663,12.596378801393136,12.342541064180619,11.68174408436214
2018-05-07/2018-05-13,5,1,78,57,242,266,70,40,26,275,183,255,46,41,112,125,50,11130.89,6844.83,26954.11,36267.61,10984.24,5526.360000000001,1366.3,24193.94,25942.28,43488.36,6125.46,2859.09,13230.48,22233.22,8799.58,2038.74,994.43,4240.03,5653.26,1318.96,1040.85,382.95,5051.51,4376.19,3852.64,1137.37,655.19,2275.21,2786.42,1219.3600000000001,4.089743589743589,4.350877192982456,4.161157024793388,4.015037593984962,4.3,4.425,4.269230769230769,4.065454545454545,4.191256830601093,3.996078431372549,4.173913043478261,4.048780487804878,4.142857142857143,4.336,4.42,13.179826240503322,10.652605181936323,12.602605840603,13.650612642717906,12.461248677248676,11.774613136574073,11.78194399928775,12.348410185185184,13.249832776765837,12.416490695352216,14.651195903784219,12.803391203703704,12.96466300843254,11.995096296296296,12.672996296296297
2018-05-14/2018-05-20,5,2,83,57,179,227,77,38,32,344,200,155,53,32,114,122,43,10516.41,9129.49,22466.29,18011.420000000002,10013.88,3729.69,1031.72,34101.73,26791.43,29662.66,6346.64,2367.65,11884.57,17649.45,7950.19,2028.17,1217.94,2812.08,3621.82,1264.44,726.52,485.96999999999997,7195.89,4497.1,2903.36,1220.7,622.59,1880.99,2250.37,1071.35,3.9879518072289155,4.228070175438597,4.284916201117318,4.061674008810573,4.077922077922078,4.394736842105263,4.53125,3.895348837209302,4.145,3.9741935483870967,4.245283018867925,4.0625,4.0701754385964914,4.278688524590164,4.255813953488372,12.679403865461847,11.954031229694607,11.266476632009104,12.426370788464675,11.995836640211639,13.223333942495128,12.264411530671296,12.74006157138243,12.280004571759259,12.950886200716846,9.598929725716282,12.007814670138888,12.680372705490578,11.98386336900425,12.579914405684754
2018-05-21/2018-05-27,5,3,32,24,102,142,26,15,17,186,99,64,33,21,47,70,30,3570.93,2036.44,10844.31,16187.16,2260.29,1535.74,713.04,18900.57,13428.95,11637.72,5943.0,1885.78,5539.51,11241.019999999999,3407.09,629.28,560.24,1570.76,2357.03,367.53,320.5,235.98,3378.25,1922.41,1076.04,1035.02,310.44,741.57,1238.41,555.83,4.21875,4.25,4.470588235294118,3.9577464788732395,4.615384615384615,4.4,4.529411764705882,4.21505376344086,4.03030303030303,3.75,4.424242424242424,4.904761904761905,4.48936170212766,4.042857142857143,4.633333333333334,13.514538122106481,14.864180652006175,12.052376997095134,11.93336503977569,12.124564191595443,13.01748765432099,8.320563725490196,12.120518904320988,13.420738870183314,12.058956705729166,12.353594626823794,11.421308421516756,11.721378546099292,10.715679398148147,13.283918981481483
2018-05-28/2018-06-03,5,4,37,48,125,110,32,28,1,194,138,103,32,19,65,67,33,9189.94,6673.29,27235.78,14080.19,4671.42,3025.78,63.87,19099.1,18391.25,25115.09,4199.74,3622.9300000000003,8928.26,8411.3,5104.17,878.49,1250.1,2522.99,2153.7,920.2800000000001,696.23,13.81,4068.02,2829.15,2193.3,1087.15,393.51,1410.36,1567.46,698.34,4.081081081081081,4.354166666666667,4.488,4.5636363636363635,4.375,4.535714285714286,5.0,4.005154639175258,4.108695652173913,3.9320388349514563,4.3125,4.157894736842105,4.3076923076923075,4.044776119402985,4.454545454545454,11.921335397897899,13.189379822530865,13.714300648148148,12.917336595117845,13.718529007523149,12.760514632936507,9.039756944444445,12.768983867888508,12.225540794417606,12.705846817691478,12.813128255208333,12.948689692982455,12.7762150997151,13.224798576561637,12.493190586419752
2018-06-04/2018-06-10,6,1,64,56,197,164,25,31,19,250,173,111,57,35,62,84,38,8924.65,14769.45,29581.84,19563.45,5145.59,2830.55,1062.76,22132.57,19843.02,19516.2,5118.75,3790.07,5788.68,9337.29,3299.82,1572.3,1892.77,4375.03,3546.43,466.72,745.0500000000001,317.6,5425.82,3877.32,2201.01,1336.16,862.8,1350.75,2033.75,745.45,4.03125,4.0,4.289340101522843,4.304878048780488,4.16,4.612903225806452,3.473684210526316,3.692,3.5895953757225434,4.171171171171171,3.9473684210526314,4.171428571428572,4.32258064516129,3.9642857142857144,4.473684210526316,12.085678168402778,11.440263103505291,11.375359912577553,10.936083234530262,12.717565277777778,13.241289949223416,11.886701998050683,12.392054074074075,12.204704024834083,12.156151672505839,13.031505238791423,11.940862764550266,12.762959042712067,11.603363784171076,13.700927144249512
2018-06-11/2018-06-17,6,2,44,44,220,168,55,27,16,253,127,148,52,35,85,79,49,7413.67,5912.39,28504.56,15701.51,6588.22,2643.88,866.13,26411.95,22019.16,29416.239999999998,5584.79,3902.4500000000003,8616.74,9259.69,8043.68,1112.62,1343.47,4398.23,3316.95,1204.6299999999999,516.91,187.63,6163.75,3242.76,3169.27,1536.17,751.94,1808.88,2070.31,1300.7,3.840909090909091,4.5227272727272725,4.427272727272728,4.184523809523809,4.527272727272727,4.703703703703703,4.25,4.098814229249012,4.3858267716535435,4.277027027027027,4.230769230769231,4.228571428571429,4.470588235294118,4.265822784810126,4.551020408163265,10.102915614478114,13.106902093855219,12.156274568602695,12.723601466049383,10.436242213804714,11.295264917695473,11.418507667824073,12.646478828136436,11.322488517060366,12.77648609547047,11.142905760327636,10.65779365079365,12.97617660675381,14.091534077590248,13.398943452380953
2018-06-18/2018-06-24,6,3,60,49,211,198,38,30,12,255,111,137,41,38,84,84,34,8626.210000000001,5595.15,23963.02,23389.1,4724.3,2880.26,772.28,25835.18,16265.12,22663.35,5645.66,5188.89,9748.47,8778.29,3343.57,1338.85,1297.04,3799.8,4036.63,727.23,468.74,255.21,5860.47,2718.04,3035.11,1276.55,965.66,1705.22,1877.6,622.73,4.133333333333334,4.122448979591836,4.369668246445498,4.363636363636363,4.631578947368421,4.533333333333333,4.333333333333333,4.149019607843138,4.423423423423423,4.328467153284672,4.414634146341464,4.7368421052631575,4.5476190476190474,4.238095238095238,4.352941176470588,12.94422839506173,15.35314460506425,12.853027799719152,12.11754308127572,13.459184636939572,13.015001929012346,13.853117283950617,11.60723892519971,12.378939773106438,11.65780177074885,11.737380307136405,11.383057383040935,12.775331101190474,10.95891437940917,13.463620983115469
2018-06-25/2018-07-01,6,4,65,39,177,176,44,22,5,253,176,129,38,38,82,119,31,12077.15,4399.24,15871.88,17494.29,6981.0,1800.6399999999999,166.09,24541.43,23439.23,21220.5,3593.81,3364.06,9044.29,15414.72,2912.77,1485.08,950.93,3378.75,3108.9,1274.11,444.44,79.16,6336.04,5566.19,3121.4,1116.7,826.35,1642.8,3151.9,751.42,4.184615384615385,3.923076923076923,4.4858757062146895,4.011363636363637,4.7272727272727275,4.545454545454546,2.8,3.8814229249011856,4.340909090909091,4.395348837209302,4.157894736842105,4.368421052631579,4.634146341463414,4.546218487394958,4.161290322580645,13.016999643874644,14.015469195156694,12.248442600439422,12.164273332281143,11.200948547979799,12.413086069023569,9.645354166666667,11.624135283999415,14.281382904566499,12.336973514211886,11.333060733430798,13.471276193957115,12.461826021906052,12.879581777155307,10.155007840501792
2018-07-02/2018-07-08,7,1,49,35,186,120,31,13,12,186,124,103,31,26,93,64,31,5191.41,4168.99,19132.23,12120.050000000001,5038.83,722.74,526.51,18881.96,16742.02,18391.14,3722.08,3106.93,9824.630000000001,11281.34,2730.9500000000003,1056.3,831.07,3735.77,2227.72,539.97,205.11,152.83,4608.55,3149.92,3898.06,899.15,667.51,1988.33,1595.76,608.79,4.36734693877551,4.542857142857143,4.236559139784946,4.241666666666666,4.290322580645161,4.538461538461538,4.666666666666667,4.349462365591398,4.274193548387097,4.038834951456311,4.387096774193548,4.769230769230769,4.129032258064516,4.609375,4.645161290322581,13.650252267573697,11.726669973544974,13.341298163082437,12.109075520833333,12.721357153524492,9.924611823361822,9.007818287037038,11.794085025886103,12.237054024790918,12.41406632056814,11.552157258064517,10.993874198717949,12.601071784149742,11.883145435474537,11.841773446833932
2018-07-09/2018-07-15,7,2,46,28,135,109,33,18,13,111,84,148,35,18,52,53,21,5345.85,3418.2,21559.34,10495.55,6495.56,1782.84,642.46,13100.84,15243.539999999999,25607.57,3530.55,1865.8,5917.2,6763.7,2334.84,1234.49,644.21,3692.44,2200.09,968.9599999999999,318.8,225.21,3453.12,2551.76,3306.0099999999998,1007.1,467.63,1285.11,1244.86,398.22,4.543478260869565,4.464285714285714,4.140740740740741,4.192660550458716,4.0606060606060606,4.388888888888889,3.923076923076923,4.09009009009009,4.333333333333333,4.155405405405405,4.057142857142857,3.388888888888889,4.4423076923076925,4.09433962264151,4.619047619047619,12.43716888083736,10.062659143518518,13.077970507544581,13.20450550033979,13.164238916947252,12.89374035493827,11.56079504985755,12.983832061227893,13.393442598104055,13.204341607232232,13.861407738095238,9.27978587962963,11.562655137108262,10.8414410814116,16.244616402116403
2018-07-16/2018-07-22,7,3,71,45,232,184,34,29,16,269,161,167,71,40,88,107,35,12246.59,4082.7200000000003,30488.45,20029.34,2801.5499999999997,2696.93,1157.35,26695.920000000002,18556.83,27479.36,9069.39,3353.97,10116.75,16559.7,2812.99,1509.93,1364.88,4552.31,3490.5,588.95,593.96,354.45,6444.26,3717.17,3404.59,2297.91,817.18,2152.2599999999998,2676.92,771.24,4.436619718309859,4.444444444444445,4.318965517241379,4.315217391304348,3.911764705882353,4.413793103448276,4.5,4.260223048327138,4.391304347826087,4.1017964071856285,4.126760563380282,4.45,4.329545454545454,4.373831775700935,4.142857142857143,11.077429251434532,11.399867283950616,13.359469039351852,13.204608179851048,12.289846132897605,11.462226213282248,7.003935185185185,14.421075141126257,11.497361973775018,13.169314773231314,11.649458626760563,11.845256944444445,11.800259627525254,12.090101137937003,13.262306878306878
2018-07-23/2018-07-29,7,4,89,54,195,181,42,37,21,263,184,132,60,35,109,118,28,10009.91,5044.42,28456.3,17817.26,5330.0,3805.85,1159.6699999999998,26805.1,19661.93,25185.99,6217.19,4656.79,11468.71,16502.64,3920.98,1789.02,1128.32,3722.37,3599.0499999999997,843.15,990.15,353.0,7581.15,4429.14,2825.37,1647.22,870.45,2299.25,2955.42,705.5600000000001,4.325842696629214,4.425925925925926,4.4512820512820515,4.232044198895028,4.4523809523809526,4.45945945945946,4.238095238095238,4.212927756653992,4.271739130434782,4.166666666666667,4.35,4.514285714285714,4.275229357798165,4.338983050847458,4.392857142857143,12.21425652829796,17.035018432784636,11.583688627730295,11.912194150296704,11.94836144179894,13.03208521021021,14.120852072310404,12.23462382058865,13.04969787892512,12.434284336419752,14.02062326388889,14.404069113756613,13.308244775739041,13.137217317953546,13.139330357142857
2018-07-30/2018-08-05,7,5,83,82,243,243,47,53,26,310,229,182,74,51,119,106,35,9053.5,9121.43,35236.63,31558.08,9445.619999999999,4133.36,1762.64,31899.24,30058.1,29102.95,8019.7300000000005,6665.62,11325.88,11327.96,3332.96,1659.8600000000001,1966.69,5083.36,5178.33,970.18,977.77,375.77,7527.86,5770.0,3854.07,1685.25,945.69,2300.73,2501.02,699.9,4.421686746987952,4.121951219512195,4.209876543209877,4.0246913580246915,4.127659574468085,4.452830188679245,3.8846153846153846,3.8870967741935485,4.048034934497816,4.225274725274725,4.121621621621622,4.333333333333333,4.4033613445378155,3.9716981132075473,4.0,12.957122238955824,11.677772273035231,11.84344283455266,12.296741112254228,13.149902974783293,11.590290443745632,12.061128472222224,13.17940890083632,13.925774805919458,12.598966918498169,12.293172703953955,13.51458809912854,10.965373190943042,11.828704140461216,9.147540343915344
2018-08-06/2018-08-12,8,1,114,54,270,247,59,47,34,294,180,149,56,50,100,134,44,13952.44,4484.47,38063.78,33558.51,4517.4800000000005,4575.09,2385.95,28798.170000000002,21632.6,25734.64,6085.01,5622.63,9486.78,18015.61,5051.29,2644.0099999999998,1257.95,5204.53,5100.45,941.12,814.37,514.02,7829.97,4321.7699999999995,2923.0,1590.64,927.04,2015.47,3500.49,1002.6,4.175438596491228,4.12962962962963,4.351851851851852,4.020242914979757,4.389830508474576,4.297872340425532,4.382352941176471,4.051020408163265,4.066666666666666,4.174496644295302,4.375,4.56,4.26,3.9029850746268657,4.318181818181818,12.509151640675764,12.678190586419753,12.527938057270232,12.291675148073173,11.69442110012555,13.806605348699764,9.68316040305011,12.008168579931974,12.436080568415637,12.660787347750434,13.305526413690476,13.417198148148147,11.818820949074075,12.049994817578773,12.118982270622896
2018-08-13/2018-08-19,8,2,89,40,238,180,48,52,39,299,209,136,41,43,129,119,33,17159.89,5940.82,29540.67,19682.989999999998,5313.099999999999,3984.16,2760.82,27792.48,25418.36,19463.89,4242.52,6259.3,17745.41,13696.39,4041.04,1659.37,956.44,4668.08,3306.06,983.87,1037.4,488.94,6739.72,5258.21,2563.24,868.03,943.7,2547.75,2762.74,676.91,4.438202247191011,4.425,4.5966386554621845,4.383333333333334,4.270833333333333,4.423076923076923,4.615384615384615,4.224080267558528,4.444976076555024,4.1838235294117645,4.7317073170731705,4.162790697674419,4.2015503875969,4.361344537815126,3.8181818181818183,11.575928916978777,11.598561342592593,12.500960648148148,12.794970743312756,15.942567274305555,13.510743856837605,13.480837191358024,13.091039034435774,13.430345560871878,12.47719345724401,12.941493337850044,12.930682601205858,12.814112744042493,11.83753715375039,11.757162598204264
2018-08-20/2018-08-26,8,3,47,31,174,105,34,25,32,151,104,75,27,22,67,72,24,4600.16,2075.19,20803.83,11530.25,2205.82,1907.21,1971.1,14430.72,8964.13,11437.34,2122.48,2762.85,6250.38,12114.91,2524.06,826.88,463.25,2727.82,1739.5,541.65,415.25,386.77,2891.76,1779.6299999999999,1250.53,569.08,384.78,972.76,1499.35,445.91,4.212765957446808,4.32258064516129,4.2988505747126435,4.3238095238095235,4.235294117647059,4.08,4.875,4.3509933774834435,4.403846153846154,4.213333333333333,4.592592592592593,4.545454545454546,4.507462686567164,4.402777777777778,4.5,9.962682230102443,12.612396953405018,12.323520447530864,10.77173258377425,10.25910607298475,10.31488287037037,13.54848777488426,13.286187147412313,10.722162682514245,11.498094290123458,11.238816443758573,11.262050715488215,11.794186532614704,12.57223460005144,12.400347222222223
